Reporter,type_Reporter,Partner,type_Partner,Flow,Item_code,type_Item,Year,Reported_value,Final_value,Final_value_methodology,Balanced_value
AR,c,WL,g,X,S,s,2005,6458.06,6458.06,R_IMF,5870.205492
AR,c,WL,g,X,SA,s,2005,0,0,R_IMF,11.852602
AR,c,WL,g,X,SB,s,2005,NA,0,E1,9.042037
AR,c,WL,g,X,SC,s,2005,1304.41,1304.41,R_IMF,1331.411892
AR,c,WL,g,X,SD,s,2005,2729.1,2729.1,R_IMF,2512.239102
AR,c,WL,g,X,SE,s,2005,45.7,45.7,R_IMF,51.804928
AR,c,WL,g,X,SF,s,2005,0,0,R_IMF,93.160245
AR,c,WL,g,X,SG,s,2005,3.74,3.74,R_IMF,76.648326
AR,c,WL,g,X,SH,s,2005,51.08,51.08,R_IMF,82.036631
AR,c,WL,g,X,SI,s,2005,407.86,407.86,R_IMF,285.585519
AR,c,WL,g,X,SJ,s,2005,1597.94,1597.94,R_IMF,1102.409284
AR,c,WL,g,X,SK,s,2005,203.02,203.02,R_IMF,200.261343
AR,c,WL,g,X,SL,s,2005,115.21,115.21,R_IMF,113.753583
AR,c,WL,g,X,S,s,2006,7911.0151,7911.0151,R_IMF,7068.180932
AR,c,WL,g,X,SA,s,2006,5.7442,5.7442,R_IMF,16.760424
AR,c,WL,g,X,SB,s,2006,61.4198,61.4198,R_IMF,65.526591
AR,c,WL,g,X,SC,s,2006,1440.182,1440.182,R_IMF,1517.324829
AR,c,WL,g,X,SD,s,2006,3351.2726,3351.2726,R_IMF,3018.435735
AR,c,WL,g,X,SE,s,2006,20.1,20.1,R_IMF,39.374047
AR,c,WL,g,X,SF,s,2006,9.4549,9.4549,R_IMF,112.112883
AR,c,WL,g,X,SG,s,2006,118.0325,118.0325,R_IMF,109.447895
AR,c,WL,g,X,SH,s,2006,80.5124,80.5124,R_IMF,142.866929
AR,c,WL,g,X,SI,s,2006,563.4346,563.4346,R_IMF,340.537904
AR,c,WL,g,X,SJ,s,2006,1897.6138,1897.6138,R_IMF,1341.232674
AR,c,WL,g,X,SK,s,2006,239.1957,239.1957,R_IMF,232.037614
AR,c,WL,g,X,SL,s,2006,124.0526,124.0526,R_IMF,132.523406
AR,c,WL,g,X,S,s,2007,10045.7365,10045.7365,R_IMF,8720.634336
AR,c,WL,g,X,SA,s,2007,6.0927,6.0927,R_IMF,18.558207
AR,c,WL,g,X,SB,s,2007,77.4073,77.4073,R_IMF,81.187335
AR,c,WL,g,X,SC,s,2007,1715.2406,1715.2406,R_IMF,1838.562804
AR,c,WL,g,X,SD,s,2007,4325.1914,4325.1914,R_IMF,3725.683672
AR,c,WL,g,X,SE,s,2007,38.39,38.39,R_IMF,54.620013
AR,c,WL,g,X,SF,s,2007,9.5316,9.5316,R_IMF,114.630833
AR,c,WL,g,X,SG,s,2007,156.8338,156.8338,R_IMF,134.729322
AR,c,WL,g,X,SH,s,2007,96.6942,96.6942,R_IMF,152.303097
AR,c,WL,g,X,SI,s,2007,806.8727,806.8727,R_IMF,454.372764
AR,c,WL,g,X,SJ,s,2007,2401.8256,2401.8256,R_IMF,1711.98035
AR,c,WL,g,X,SK,s,2007,281.3768,281.3768,R_IMF,296.805366
AR,c,WL,g,X,SL,s,2007,130.2798,130.2798,R_IMF,137.200573
AR,c,WL,g,X,S,s,2008,11424.1491,11424.1491,R_IMF,10274.208156
AR,c,WL,g,X,SA,s,2008,9.0932,9.0932,R_IMF,23.160201
AR,c,WL,g,X,SB,s,2008,102.420901,102.420901,R_IMF,116.190659
AR,c,WL,g,X,SC,s,2008,1734.594215,1734.594215,R_IMF,2031.992732
AR,c,WL,g,X,SD,s,2008,4664.069641,4664.069641,R_IMF,4151.583024
AR,c,WL,g,X,SE,s,2008,19.1727,19.1727,R_IMF,45.05609
AR,c,WL,g,X,SF,s,2008,11.9525,11.9525,R_IMF,119.097178
AR,c,WL,g,X,SG,s,2008,157.748301,157.748301,R_IMF,142.535456
AR,c,WL,g,X,SH,s,2008,99.367701,99.367701,R_IMF,161.254434
AR,c,WL,g,X,SI,s,2008,1103.56241,1103.56241,R_IMF,663.422768
AR,c,WL,g,X,SJ,s,2008,3019.934826,3019.934826,R_IMF,2250.909995
AR,c,WL,g,X,SK,s,2008,350.896903,350.896903,R_IMF,396.522931
AR,c,WL,g,X,SL,s,2008,151.335801,151.335801,R_IMF,172.482688
AR,c,WL,g,X,S,s,2009,10544.6214,10544.6214,R_IMF,9365.893868
AR,c,WL,g,X,SA,s,2009,5.479,5.479,R_IMF,16.228904
AR,c,WL,g,X,SB,s,2009,112.1339,112.1339,R_IMF,120.065386
AR,c,WL,g,X,SC,s,2009,1526.6243,1526.6243,R_IMF,1733.062726
AR,c,WL,g,X,SD,s,2009,3988.855,3988.855,R_IMF,3637.639397
AR,c,WL,g,X,SE,s,2009,6.2415,6.2415,R_IMF,35.127929
AR,c,WL,g,X,SF,s,2009,15.1397,15.1397,R_IMF,92.708455
AR,c,WL,g,X,SG,s,2009,106.8756,106.8756,R_IMF,118.580282
AR,c,WL,g,X,SH,s,2009,105.9655,105.9655,R_IMF,161.904232
AR,c,WL,g,X,SI,s,2009,1187.8354,1187.8354,R_IMF,717.663529
AR,c,WL,g,X,SJ,s,2009,3056.516,3056.516,R_IMF,2215.423847
AR,c,WL,g,X,SK,s,2009,297.3342,297.3342,R_IMF,361.98582
AR,c,WL,g,X,SL,s,2009,135.6213,135.6213,R_IMF,155.503362
AR,c,WL,g,X,S,s,2010,12817.1434,12817.1434,R_IMF,10442.199936
AR,c,WL,g,X,SA,s,2010,3.8647,3.8647,R_IMF,15.08561
AR,c,WL,g,X,SB,s,2010,120.025201,120.025201,R_IMF,125.056442
AR,c,WL,g,X,SC,s,2010,1977.060515,1977.060515,R_IMF,2052.497203
AR,c,WL,g,X,SD,s,2010,4989.210439,4989.210439,R_IMF,4200.77314
AR,c,WL,g,X,SE,s,2010,14.7073,14.7073,R_IMF,34.797451
AR,c,WL,g,X,SF,s,2010,21.2353,21.2353,R_IMF,124.670559
AR,c,WL,g,X,SG,s,2010,170.479801,170.479801,R_IMF,159.286417
AR,c,WL,g,X,SH,s,2010,152.187801,152.187801,R_IMF,163.686922
AR,c,WL,g,X,SI,s,2010,1410.136211,1410.136211,R_IMF,752.229188
AR,c,WL,g,X,SJ,s,2010,3464.537527,3464.537527,R_IMF,2236.516978
AR,c,WL,g,X,SK,s,2010,307.971502,307.971502,R_IMF,385.694098
AR,c,WL,g,X,SL,s,2010,185.727101,185.727101,R_IMF,191.905927
AR,c,WL,g,X,S,s,2011,14496.9814,14496.9814,R_IMF,11836.914606
AR,c,WL,g,X,SA,s,2011,4.8057,4.8057,R_IMF,20.852091
AR,c,WL,g,X,SB,s,2011,139.0207,139.0207,R_IMF,135.853608
AR,c,WL,g,X,SC,s,2011,2146.423,2146.423,R_IMF,2287.983438
AR,c,WL,g,X,SD,s,2011,5430.9529,5430.9529,R_IMF,4692.800077
AR,c,WL,g,X,SE,s,2011,9.1471,9.1471,R_IMF,38.462599
AR,c,WL,g,X,SF,s,2011,28.8723,28.8723,R_IMF,115.003559
AR,c,WL,g,X,SG,s,2011,101.3493,101.3493,R_IMF,154.133944
AR,c,WL,g,X,SH,s,2011,155.3964,155.3964,R_IMF,180.193802
AR,c,WL,g,X,SI,s,2011,1800.8826,1800.8826,R_IMF,908.48561
AR,c,WL,g,X,SJ,s,2011,4129.4365,4129.4365,R_IMF,2642.851067
AR,c,WL,g,X,SK,s,2011,349.4601,349.4601,R_IMF,445.109158
AR,c,WL,g,X,SL,s,2011,201.2348,201.2348,R_IMF,215.185654
AR,c,WL,g,X,S,s,2012,14247.1009,14247.1009,R_IMF,12050.550281
AR,c,WL,g,X,SA,s,2012,4.2497,4.2497,R_IMF,29.892924
AR,c,WL,g,X,SB,s,2012,142.8924,142.8924,R_IMF,151.092031
AR,c,WL,g,X,SC,s,2012,2304.1065,2304.1065,R_IMF,2322.014344
AR,c,WL,g,X,SD,s,2012,5013.7288,5013.7288,R_IMF,4323.536002
AR,c,WL,g,X,SE,s,2012,14.3825,14.3825,R_IMF,46.043212
AR,c,WL,g,X,SF,s,2012,25.3749,25.3749,R_IMF,87.043241
AR,c,WL,g,X,SG,s,2012,100.9546,100.9546,R_IMF,137.768659
AR,c,WL,g,X,SH,s,2012,158.1521,158.1521,R_IMF,226.33931
AR,c,WL,g,X,SI,s,2012,1754.2176,1754.2176,R_IMF,826.077166
AR,c,WL,g,X,SJ,s,2012,4259.6151,4259.6151,R_IMF,2754.228375
AR,c,WL,g,X,SK,s,2012,270.0119,270.0119,R_IMF,934.966186
AR,c,WL,g,X,SL,s,2012,199.4148,199.4148,R_IMF,211.548832
AR,c,WL,g,X,S,s,2013,13679.8918,13679.8918,R_IMF,11729.548923
AR,c,WL,g,X,SA,s,2013,3.1218,3.1218,R_IMF,17.891318
AR,c,WL,g,X,SB,s,2013,126.814601,126.814601,R_IMF,147.932298
AR,c,WL,g,X,SC,s,2013,2511.346418,2511.346418,R_IMF,2287.664817
AR,c,WL,g,X,SD,s,2013,4524.642233,4524.642233,R_IMF,4165.854047
AR,c,WL,g,X,SE,s,2013,1.8868,1.8868,R_IMF,41.715491
AR,c,WL,g,X,SF,s,2013,24.7945,24.7945,R_IMF,73.732023
AR,c,WL,g,X,SG,s,2013,81.179901,81.179901,R_IMF,104.400575
AR,c,WL,g,X,SH,s,2013,179.902401,179.902401,R_IMF,213.665108
AR,c,WL,g,X,SI,s,2013,1730.267613,1730.267613,R_IMF,811.13368
AR,c,WL,g,X,SJ,s,2013,4057.97983,4057.97983,R_IMF,2600.668007
AR,c,WL,g,X,SK,s,2013,245.203902,245.203902,R_IMF,1063.695298
AR,c,WL,g,X,SL,s,2013,192.751801,192.751801,R_IMF,201.196259
AR,c,WL,g,X,S,s,2014,13396.3718,13396.3718,R_IMF,11363.848048
AR,c,WL,g,X,SA,s,2014,4.7202,4.7202,R_IMF,24.549737
AR,c,WL,g,X,SB,s,2014,110.21,110.21,R_IMF,136.625841
AR,c,WL,g,X,SC,s,2014,2455.7372,2455.7372,R_IMF,2158.857179
AR,c,WL,g,X,SD,s,2014,4960.0451,4960.0451,R_IMF,4250.296274
AR,c,WL,g,X,SE,s,2014,2.6505,2.6505,R_IMF,40.314912
AR,c,WL,g,X,SF,s,2014,27.2837,27.2837,R_IMF,80.788812
AR,c,WL,g,X,SG,s,2014,60.1762,60.1762,R_IMF,119.251927
AR,c,WL,g,X,SH,s,2014,174.205,174.205,R_IMF,191.055864
AR,c,WL,g,X,SI,s,2014,1443.4649,1443.4649,R_IMF,612.842014
AR,c,WL,g,X,SJ,s,2014,3739.9803,3739.9803,R_IMF,2310.201775
AR,c,WL,g,X,SK,s,2014,211.3647,211.3647,R_IMF,1227.781868
AR,c,WL,g,X,SL,s,2014,206.534,206.534,R_IMF,211.281846
AR,c,WL,g,X,S,s,2015,13213.5124,13213.5124,R_IMF,11703.032493
AR,c,WL,g,X,SA,s,2015,3.0593,3.0593,R_IMF,19.313207
AR,c,WL,g,X,SB,s,2015,101.439801,101.439801,R_IMF,99.619921
AR,c,WL,g,X,SC,s,2015,2329.777818,2329.777818,R_IMF,2218.667979
AR,c,WL,g,X,SD,s,2015,4926.954837,4926.954837,R_IMF,4465.435561
AR,c,WL,g,X,SE,s,2015,9.1088,9.1088,R_IMF,56.541142
AR,c,WL,g,X,SF,s,2015,25.0597,25.0597,R_IMF,68.93346
AR,c,WL,g,X,SG,s,2015,57.0488,57.0488,R_IMF,122.018956
AR,c,WL,g,X,SH,s,2015,161.745901,161.745901,R_IMF,209.675848
AR,c,WL,g,X,SI,s,2015,1473.496911,1473.496911,R_IMF,739.962378
AR,c,WL,g,X,SJ,s,2015,3688.364428,3688.364428,R_IMF,2728.896402
AR,c,WL,g,X,SK,s,2015,229.483502,229.483502,R_IMF,796.605949
AR,c,WL,g,X,SL,s,2015,207.972602,207.972602,R_IMF,177.361691
AR,c,WL,g,X,S,s,2016,13424.7069,13424.7069,R_IMF,11970.166846
AR,c,WL,g,X,SA,s,2016,1.6072,1.6072,R_IMF,12.479982
AR,c,WL,g,X,SB,s,2016,95.877301,95.877301,R_IMF,111.356168
AR,c,WL,g,X,SC,s,2016,2022.37993,2022.37993,R_IMF,1902.136576
AR,c,WL,g,X,SD,s,2016,4966.910674,4966.910674,R_IMF,4261.315264
AR,c,WL,g,X,SE,s,2016,1.5693,1.5693,R_IMF,32.326099
AR,c,WL,g,X,SF,s,2016,36.712201,36.712201,R_IMF,87.968678
AR,c,WL,g,X,SG,s,2016,91.465801,91.465801,R_IMF,154.452044
AR,c,WL,g,X,SH,s,2016,168.807403,168.807403,R_IMF,224.115955
AR,c,WL,g,X,SI,s,2016,1634.172724,1634.172724,R_IMF,776.035701
AR,c,WL,g,X,SJ,s,2016,3966.287159,3966.287159,R_IMF,2791.734195
AR,c,WL,g,X,SK,s,2016,256.562204,256.562204,R_IMF,1457.984735
AR,c,WL,g,X,SL,s,2016,182.355003,182.355003,R_IMF,158.261451
AR,c,WL,g,X,S,s,2017,15506.202,15506.202,R_IMF,13379.425787
AR,c,WL,g,X,SA,s,2017,5.5568,5.5568,R_IMF,16.830006
AR,c,WL,g,X,SB,s,2017,92.4138,92.4138,R_IMF,113.377354
AR,c,WL,g,X,SC,s,2017,1926.822,1926.822,R_IMF,1913.26069
AR,c,WL,g,X,SD,s,2017,5369.6177,5369.6177,R_IMF,4489.575011
AR,c,WL,g,X,SE,s,2017,4.3528,4.3528,R_IMF,33.498055
AR,c,WL,g,X,SF,s,2017,41.4075,41.4075,R_IMF,116.580261
AR,c,WL,g,X,SG,s,2017,140.7236,140.7236,R_IMF,192.322898
AR,c,WL,g,X,SH,s,2017,356.4983,356.4983,R_IMF,256.936722
AR,c,WL,g,X,SI,s,2017,2227.6876,2227.6876,R_IMF,1001.573525
AR,c,WL,g,X,SJ,s,2017,4647.7304,4647.7304,R_IMF,3111.093085
AR,c,WL,g,X,SK,s,2017,461.2897,461.2897,R_IMF,1940.927731
AR,c,WL,g,X,SL,s,2017,232.1018,232.1018,R_IMF,193.450448
AR,c,WL,g,X,S,s,2018,15342.1632,15342.1632,R_IMF,13337.103585
AR,c,WL,g,X,SA,s,2018,0.5299,0.5299,R_IMF,14.158788
AR,c,WL,g,X,SB,s,2018,130.343802,130.343802,R_IMF,137.074043
AR,c,WL,g,X,SC,s,2018,1935.962625,1935.962625,R_IMF,1996.208781
AR,c,WL,g,X,SD,s,2018,5562.807873,5562.807873,R_IMF,4671.77717
AR,c,WL,g,X,SE,s,2018,0,0,R_IMF,28.433263
AR,c,WL,g,X,SF,s,2018,44.442901,44.442901,R_IMF,112.259989
AR,c,WL,g,X,SG,s,2018,195.492003,195.492003,R_IMF,307.969586
AR,c,WL,g,X,SH,s,2018,321.051004,321.051004,R_IMF,247.548016
AR,c,WL,g,X,SI,s,2018,2240.249829,2240.249829,R_IMF,948.008745
AR,c,WL,g,X,SJ,s,2018,4220.580655,4220.580655,R_IMF,2814.940094
AR,c,WL,g,X,SK,s,2018,473.669506,473.669506,R_IMF,1884.505131
AR,c,WL,g,X,SL,s,2018,217.033103,217.033103,R_IMF,174.219979
AR,c,WL,g,X,S,s,2019,14802.4208,14802.4208,R_IMF,13117.138632
AR,c,WL,g,X,SA,s,2019,0,0,R_IMF,25.486277
AR,c,WL,g,X,SB,s,2019,116.960102,116.960102,R_IMF,134.974068
AR,c,WL,g,X,SC,s,2019,1920.954326,1920.954326,R_IMF,2021.507777
AR,c,WL,g,X,SD,s,2019,5240.662771,5240.662771,R_IMF,4706.846111
AR,c,WL,g,X,SE,s,2019,0.2772,0.2772,R_IMF,27.242021
AR,c,WL,g,X,SF,s,2019,45.259701,45.259701,R_IMF,74.976172
AR,c,WL,g,X,SG,s,2019,198.105603,198.105603,R_IMF,233.17914
AR,c,WL,g,X,SH,s,2019,284.486004,284.486004,R_IMF,211.726186
AR,c,WL,g,X,SI,s,2019,2090.386128,2090.386128,R_IMF,938.248223
AR,c,WL,g,X,SJ,s,2019,4260.698858,4260.698858,R_IMF,2953.156422
AR,c,WL,g,X,SK,s,2019,452.810906,452.810906,R_IMF,1619.038604
AR,c,WL,g,X,SL,s,2019,191.819203,191.819203,R_IMF,170.757632
AR,c,WL,g,X,S,s,2020,9491.7377,9491.7377,R_IMF,8942.907693
AR,c,WL,g,X,SA,s,2020,0,0,R_IMF,53.332295
AR,c,WL,g,X,SB,s,2020,65.2603,65.2603,R_IMF,91.057193
AR,c,WL,g,X,SC,s,2020,1250.2216,1250.2216,R_IMF,1537.105839
AR,c,WL,g,X,SD,s,2020,1727.4675,1727.4675,R_IMF,1650.542939
AR,c,WL,g,X,SE,s,2020,0.8988,0.8988,R_IMF,17.404181
AR,c,WL,g,X,SF,s,2020,34.6562,34.6562,R_IMF,77.542916
AR,c,WL,g,X,SG,s,2020,184.5345,184.5345,R_IMF,212.499374
AR,c,WL,g,X,SH,s,2020,209.3528,209.3528,R_IMF,193.805594
AR,c,WL,g,X,SI,s,2020,1992.5768,1992.5768,R_IMF,1037.922594
AR,c,WL,g,X,SJ,s,2020,3536.7724,3536.7724,R_IMF,2523.399898
AR,c,WL,g,X,SK,s,2020,324.065,324.065,R_IMF,1398.842769
AR,c,WL,g,X,SL,s,2020,165.9318,165.9318,R_IMF,149.452101
AR,c,WL,g,X,S,s,2021,9588.7357,9588.7357,R_IMF,9322.945917
AR,c,WL,g,X,SA,s,2021,0,0,R_IMF,67.897158
AR,c,WL,g,X,SB,s,2021,69.8299,69.8299,R_IMF,105.11581
AR,c,WL,g,X,SC,s,2021,1687.6443,1687.6443,R_IMF,2075.704228
AR,c,WL,g,X,SD,s,2021,394.1995,394.1995,R_IMF,902.158835
AR,c,WL,g,X,SE,s,2021,0.1801,0.1801,R_IMF,18.790676
AR,c,WL,g,X,SF,s,2021,37.1618,37.1618,R_IMF,105.813253
AR,c,WL,g,X,SG,s,2021,148.9699,148.9699,R_IMF,290.852771
AR,c,WL,g,X,SH,s,2021,245.9182,245.9182,R_IMF,204.097091
AR,c,WL,g,X,SI,s,2021,2360.1291,2360.1291,R_IMF,1212.681258
AR,c,WL,g,X,SJ,s,2021,4065.9193,4065.9193,R_IMF,2857.381221
AR,c,WL,g,X,SK,s,2021,394.9688,394.9688,R_IMF,1298.202481
AR,c,WL,g,X,SL,s,2021,183.8148,183.8148,R_IMF,184.251133
AR,c,WL,g,X,S,s,2022,14413.6792,14413.6792,R_IMF,13111.659002
AR,c,WL,g,X,SA,s,2022,0,0,R_IMF,77.455181
AR,c,WL,g,X,SB,s,2022,57.7788,57.7788,R_IMF,92.009592
AR,c,WL,g,X,SC,s,2022,2175.7394,2175.7394,R_IMF,2737.177943
AR,c,WL,g,X,SD,s,2022,3473.5196,3473.5196,R_IMF,3275.389181
AR,c,WL,g,X,SE,s,2022,0.4122,0.4122,R_IMF,34.586606
AR,c,WL,g,X,SF,s,2022,46.8206,46.8206,R_IMF,126.827914
AR,c,WL,g,X,SG,s,2022,194.828,194.828,R_IMF,305.85425
AR,c,WL,g,X,SH,s,2022,255.302,255.302,R_IMF,276.145662
AR,c,WL,g,X,SI,s,2022,2714.649,2714.649,R_IMF,1373.505795
AR,c,WL,g,X,SJ,s,2022,4873.6751,4873.6751,R_IMF,3488.447383
AR,c,WL,g,X,SK,s,2022,431.2036,431.2036,R_IMF,1119.05071
AR,c,WL,g,X,SL,s,2022,189.7509,189.7509,R_IMF,205.208785
AR,c,WL,g,X,S,s,2023,16110.5652,16110.5652,R_IMF,14653.635981
AR,c,WL,g,X,SA,s,2023,0,0,R_IMF,54.951988
AR,c,WL,g,X,SB,s,2023,70.8725,70.8725,R_IMF,115.560981
AR,c,WL,g,X,SC,s,2023,1978.7222,1978.7222,R_IMF,2412.437932
AR,c,WL,g,X,SD,s,2023,5486.3198,5486.3198,R_IMF,5039.830563
AR,c,WL,g,X,SE,s,2023,17.5659,17.5659,R_IMF,47.306634
AR,c,WL,g,X,SF,s,2023,44.4634,44.4634,R_IMF,141.872234
AR,c,WL,g,X,SG,s,2023,183.0674,183.0674,R_IMF,314.650229
AR,c,WL,g,X,SH,s,2023,250.5921,250.5921,R_IMF,256.45768
AR,c,WL,g,X,SI,s,2023,2449.0086,2449.0086,R_IMF,1344.518841
AR,c,WL,g,X,SJ,s,2023,5082.8435,5082.8435,R_IMF,3753.384226
AR,c,WL,g,X,SK,s,2023,356.4103,356.4103,R_IMF,970.615825
AR,c,WL,g,X,SL,s,2023,190.6995,190.6995,R_IMF,202.048848
AR,c,WL,g,X,S,s,2024,17122.4069,17122.4069,R_IMF,15314.446518
AR,c,WL,g,X,SA,s,2024,0,0,R_IMF,70.825591
AR,c,WL,g,X,SB,s,2024,91.4533,91.4533,R_IMF,130.035955
AR,c,WL,g,X,SC,s,2024,2197.3742,2197.3742,R_IMF,2585.397878
AR,c,WL,g,X,SD,s,2024,4959.2368,4959.2368,R_IMF,5143.449179
AR,c,WL,g,X,SE,s,2024,13.899,13.899,R_IMF,36.527878
AR,c,WL,g,X,SF,s,2024,53.9171,53.9171,R_IMF,167.580324
AR,c,WL,g,X,SG,s,2024,185.3701,185.3701,R_IMF,459.987098
AR,c,WL,g,X,SH,s,2024,280.3032,280.3032,R_IMF,326.343187
AR,c,WL,g,X,SI,s,2024,2810.0263,2810.0263,R_IMF,1535.541803
AR,c,WL,g,X,SJ,s,2024,5916.5358,5916.5358,R_IMF,4050.711499
AR,c,WL,g,X,SK,s,2024,369.6369,369.6369,R_IMF,569.357345
AR,c,WL,g,X,SL,s,2024,244.6542,244.6542,R_IMF,238.688782
BR,c,WL,g,X,S,s,2005,14762.6908,14762.6908,R_NAT,14428.678639
BR,c,WL,g,X,SA,s,2005,0,0,R_NAT,161.490191
BR,c,WL,g,X,SB,s,2005,6.4378,6.4378,R_NAT,424.719487
BR,c,WL,g,X,SC,s,2005,2605.6235,2605.6235,R_NAT,4216.887787
BR,c,WL,g,X,SD,s,2005,3861.437,3861.437,R_NAT,3712.265632
BR,c,WL,g,X,SE,s,2005,8.034,8.034,R_NAT,166.328705
BR,c,WL,g,X,SF,s,2005,134.152,134.152,R_NAT,236.862734
BR,c,WL,g,X,SG,s,2005,507.167,507.167,R_NAT,531.015176
BR,c,WL,g,X,SH,s,2005,101.66,101.66,R_NAT,130.409356
BR,c,WL,g,X,SI,s,2005,319.362,319.362,R_NAT,496.92254
BR,c,WL,g,X,SJ,s,2005,5971.2005,5971.2005,R_NAT,3744.954985
BR,c,WL,g,X,SK,s,2005,55.797,55.797,R_NAT,81.359291
BR,c,WL,g,X,SL,s,2005,1191.82,1191.82,R_NAT,525.462755
BR,c,WL,g,X,S,s,2006,17730.5303,17730.5303,R_NAT,17988.776674
BR,c,WL,g,X,SA,s,2006,0,0,R_NAT,52.632194
BR,c,WL,g,X,SB,s,2006,8.0811,8.0811,R_NAT,621.04146
BR,c,WL,g,X,SC,s,2006,2797.8112,2797.8112,R_NAT,5224.159328
BR,c,WL,g,X,SD,s,2006,4315.885,4315.885,R_NAT,4151.962994
BR,c,WL,g,X,SE,s,2006,22.552,22.552,R_NAT,336.575051
BR,c,WL,g,X,SF,s,2006,324.459,324.459,R_NAT,370.335212
BR,c,WL,g,X,SG,s,2006,751.0355,751.0355,R_NAT,756.92073
BR,c,WL,g,X,SH,s,2006,150.307,150.307,R_NAT,190.785126
BR,c,WL,g,X,SI,s,2006,291.148,291.148,R_NAT,672.034623
BR,c,WL,g,X,SJ,s,2006,7471.2775,7471.2775,R_NAT,4749.280172
BR,c,WL,g,X,SK,s,2006,81.251,81.251,R_NAT,189.602417
BR,c,WL,g,X,SL,s,2006,1516.723,1516.723,R_NAT,673.447365
BR,c,WL,g,X,S,s,2007,21824.0002,21824.0002,R_NAT,21680.693201
BR,c,WL,g,X,SA,s,2007,0,0,R_NAT,49.06311
BR,c,WL,g,X,SB,s,2007,7.745,7.745,R_NAT,807.008204
BR,c,WL,g,X,SC,s,2007,3215.4127,3215.4127,R_NAT,6284.839618
BR,c,WL,g,X,SD,s,2007,4952.965,4952.965,R_NAT,4829.914072
BR,c,WL,g,X,SE,s,2007,16.624,16.624,R_NAT,455.2361
BR,c,WL,g,X,SF,s,2007,542.818,542.818,R_NAT,459.533669
BR,c,WL,g,X,SG,s,2007,1090.0512,1090.0512,R_NAT,976.754337
BR,c,WL,g,X,SH,s,2007,319.41,319.41,R_NAT,210.725776
BR,c,WL,g,X,SI,s,2007,419.438,419.438,R_NAT,660.174794
BR,c,WL,g,X,SJ,s,2007,9846.6833,9846.6833,R_NAT,6060.064719
BR,c,WL,g,X,SK,s,2007,73.306,73.306,R_NAT,223.456307
BR,c,WL,g,X,SL,s,2007,1339.547,1339.547,R_NAT,663.922494
BR,c,WL,g,X,S,s,2008,27985.434,27985.434,R_NAT,28060.429172
BR,c,WL,g,X,SA,s,2008,0,0,R_NAT,59.470414
BR,c,WL,g,X,SB,s,2008,12.2793,12.2793,R_NAT,902.155654
BR,c,WL,g,X,SC,s,2008,4512.9533,4512.9533,R_NAT,7844.383672
BR,c,WL,g,X,SD,s,2008,5785.031,5785.031,R_NAT,5674.816392
BR,c,WL,g,X,SE,s,2008,22.856,22.856,R_NAT,467.035363
BR,c,WL,g,X,SF,s,2008,828.094,828.094,R_NAT,582.663329
BR,c,WL,g,X,SG,s,2008,1237.5812,1237.5812,R_NAT,1095.426114
BR,c,WL,g,X,SH,s,2008,465.444,465.444,R_NAT,305.735411
BR,c,WL,g,X,SI,s,2008,640.648,640.648,R_NAT,924.35977
BR,c,WL,g,X,SJ,s,2008,12765.6922,12765.6922,R_NAT,9081.698788
BR,c,WL,g,X,SK,s,2008,86.386,86.386,R_NAT,305.141689
BR,c,WL,g,X,SL,s,2008,1628.469,1628.469,R_NAT,817.542577
BR,c,WL,g,X,S,s,2009,25195.3083,25195.3083,R_NAT,25651.726208
BR,c,WL,g,X,SA,s,2009,0,0,R_NAT,44.944061
BR,c,WL,g,X,SB,s,2009,20.6051,20.6051,R_NAT,765.016221
BR,c,WL,g,X,SC,s,2009,3152.5744,3152.5744,R_NAT,6137.25897
BR,c,WL,g,X,SD,s,2009,5304.5608,5304.5608,R_NAT,5194.690177
BR,c,WL,g,X,SE,s,2009,14.2748,14.2748,R_NAT,691.126137
BR,c,WL,g,X,SF,s,2009,372.6231,372.6231,R_NAT,437.773109
BR,c,WL,g,X,SG,s,2009,1570.3909,1570.3909,R_NAT,1266.240833
BR,c,WL,g,X,SH,s,2009,433.8078,433.8078,R_NAT,384.913151
BR,c,WL,g,X,SI,s,2009,537.9061,537.9061,R_NAT,860.138624
BR,c,WL,g,X,SJ,s,2009,12224.9497,12224.9497,R_NAT,8725.161377
BR,c,WL,g,X,SK,s,2009,80.4282,80.4282,R_NAT,377.16868
BR,c,WL,g,X,SL,s,2009,1483.1874,1483.1874,R_NAT,767.294868
BR,c,WL,g,X,S,s,2010,30060.8487,30060.8487,R_NAT,28934.225125
BR,c,WL,g,X,SA,s,2010,0,0,R_NAT,55.963117
BR,c,WL,g,X,SB,s,2010,346.8532,346.8532,R_NAT,961.944573
BR,c,WL,g,X,SC,s,2010,3745.4673,3745.4673,R_NAT,7464.208539
BR,c,WL,g,X,SD,s,2010,5261.0258,5261.0258,R_NAT,5358.215248
BR,c,WL,g,X,SE,s,2010,0,0,R_NAT,470.514923
BR,c,WL,g,X,SF,s,2010,416.0301,416.0301,R_NAT,460.944904
BR,c,WL,g,X,SG,s,2010,1699.3672,1699.3672,R_NAT,1561.308703
BR,c,WL,g,X,SH,s,2010,189.606,189.606,R_NAT,365.073375
BR,c,WL,g,X,SI,s,2010,611.1844,611.1844,R_NAT,1005.190211
BR,c,WL,g,X,SJ,s,2010,13905.5956,13905.5956,R_NAT,9094.429983
BR,c,WL,g,X,SK,s,2010,2358.6282,2358.6282,R_NAT,1297.470203
BR,c,WL,g,X,SL,s,2010,1527.0909,1527.0909,R_NAT,838.961345
BR,c,WL,g,X,S,s,2011,36436.7205,36436.7205,R_NAT,34711.165311
BR,c,WL,g,X,SA,s,2011,0,0,R_NAT,72.014485
BR,c,WL,g,X,SB,s,2011,499.2973,499.2973,R_NAT,1113.343061
BR,c,WL,g,X,SC,s,2011,4415.5122,4415.5122,R_NAT,9194.68754
BR,c,WL,g,X,SD,s,2011,6094.6932,6094.6932,R_NAT,5687.761989
BR,c,WL,g,X,SE,s,2011,0,0,R_NAT,578.114608
BR,c,WL,g,X,SF,s,2011,504.5682,504.5682,R_NAT,566.43862
BR,c,WL,g,X,SG,s,2011,2477.6247,2477.6247,R_NAT,1957.810749
BR,c,WL,g,X,SH,s,2011,300.8,300.8,R_NAT,364.733841
BR,c,WL,g,X,SI,s,2011,523.4491,523.4491,R_NAT,1109.746204
BR,c,WL,g,X,SJ,s,2011,17125.9457,17125.9457,R_NAT,11426.036105
BR,c,WL,g,X,SK,s,2011,2720.7403,2720.7403,R_NAT,1619.565147
BR,c,WL,g,X,SL,s,2011,1774.0898,1774.0898,R_NAT,1020.912963
BR,c,WL,g,X,S,s,2012,38195.6782,38195.6782,R_NAT,35974.815244
BR,c,WL,g,X,SA,s,2012,0,0,R_NAT,110.727702
BR,c,WL,g,X,SB,s,2012,384.691101,384.691101,R_NAT,1057.208795
BR,c,WL,g,X,SC,s,2012,4142.611511,4142.611511,R_NAT,9516.334949
BR,c,WL,g,X,SD,s,2012,6378.062017,6378.062017,R_NAT,5771.85026
BR,c,WL,g,X,SE,s,2012,0,0,R_NAT,503.992773
BR,c,WL,g,X,SF,s,2012,540.698901,540.698901,R_NAT,588.41686
BR,c,WL,g,X,SG,s,2012,2459.944306,2459.944306,R_NAT,1911.043435
BR,c,WL,g,X,SH,s,2012,276.418401,276.418401,R_NAT,363.333938
BR,c,WL,g,X,SI,s,2012,731.699202,731.699202,R_NAT,1310.390273
BR,c,WL,g,X,SJ,s,2012,18581.671749,18581.671749,R_NAT,12295.911559
BR,c,WL,g,X,SK,s,2012,2957.260608,2957.260608,R_NAT,1576.69208
BR,c,WL,g,X,SL,s,2012,1742.620405,1742.620405,R_NAT,968.912619
BR,c,WL,g,X,S,s,2013,37630.6358,37630.6358,R_NAT,35841.16344
BR,c,WL,g,X,SA,s,2013,0,0,R_NAT,109.722224
BR,c,WL,g,X,SB,s,2013,525.6272,525.6272,R_NAT,1118.390163
BR,c,WL,g,X,SC,s,2013,4152.1576,4152.1576,R_NAT,9177.985476
BR,c,WL,g,X,SD,s,2013,6473.9863,6473.9863,R_NAT,5932.664992
BR,c,WL,g,X,SE,s,2013,0,0,R_NAT,361.995318
BR,c,WL,g,X,SF,s,2013,472.857,472.857,R_NAT,561.093144
BR,c,WL,g,X,SG,s,2013,2742.6164,2742.6164,R_NAT,2085.163588
BR,c,WL,g,X,SH,s,2013,368.1276,368.1276,R_NAT,474.898967
BR,c,WL,g,X,SI,s,2013,707.8846,707.8846,R_NAT,1320.293876
BR,c,WL,g,X,SJ,s,2013,17773.8694,17773.8694,R_NAT,12315.626178
BR,c,WL,g,X,SK,s,2013,2745.2405,2745.2405,R_NAT,1461.338283
BR,c,WL,g,X,SL,s,2013,1668.2692,1668.2692,R_NAT,921.991232
BR,c,WL,g,X,S,s,2014,39497.9299,39497.9299,R_NAT,38693.743493
BR,c,WL,g,X,SA,s,2014,17.6439,17.6439,R_NAT,121.031037
BR,c,WL,g,X,SB,s,2014,773.7594,773.7594,R_NAT,1554.064667
BR,c,WL,g,X,SC,s,2014,4619.3368,4619.3368,R_NAT,9424.776423
BR,c,WL,g,X,SD,s,2014,6842.6328,6842.6328,R_NAT,6525.699789
BR,c,WL,g,X,SE,s,2014,288.2696,288.2696,R_NAT,397.540537
BR,c,WL,g,X,SF,s,2014,668.7905,668.7905,R_NAT,743.767962
BR,c,WL,g,X,SG,s,2014,1175.6958,1175.6958,R_NAT,1433.830744
BR,c,WL,g,X,SH,s,2014,375.0979,375.0979,R_NAT,475.75825
BR,c,WL,g,X,SI,s,2014,1446.4553,1446.4553,R_NAT,1560.8263690000001
BR,c,WL,g,X,SJ,s,2014,21690.9353,21690.9353,R_NAT,15106.194995
BR,c,WL,g,X,SK,s,2014,680.6727,680.6727,R_NAT,653.744045
BR,c,WL,g,X,SL,s,2014,918.6399,918.6399,R_NAT,696.508676
BR,c,WL,g,X,S,s,2015,33674.7443,33674.7443,R_NAT,35517.644943
BR,c,WL,g,X,SA,s,2015,3.2723,3.2723,R_NAT,94.917886
BR,c,WL,g,X,SB,s,2015,913.0587,913.0587,R_NAT,1551.488332
BR,c,WL,g,X,SC,s,2015,3976.8397,3976.8397,R_NAT,8529.391063
BR,c,WL,g,X,SD,s,2015,5843.9545,5843.9545,R_NAT,6088.693891
BR,c,WL,g,X,SE,s,2015,52.7227,52.7227,R_NAT,236.305457
BR,c,WL,g,X,SF,s,2015,987.5518,987.5518,R_NAT,767.209092
BR,c,WL,g,X,SG,s,2015,742.3672,742.3672,R_NAT,1067.789753
BR,c,WL,g,X,SH,s,2015,581.0805,581.0805,R_NAT,595.556866
BR,c,WL,g,X,SI,s,2015,1571.4797,1571.4797,R_NAT,1558.676917
BR,c,WL,g,X,SJ,s,2015,17900.1127,17900.1127,R_NAT,13787.278594
BR,c,WL,g,X,SK,s,2015,313.6854,313.6854,R_NAT,656.87104
BR,c,WL,g,X,SL,s,2015,788.6191,788.6191,R_NAT,583.466052
BR,c,WL,g,X,S,s,2016,33053.8007,33053.8007,R_NAT,34446.028658
BR,c,WL,g,X,SA,s,2016,5.5114,5.5114,R_NAT,102.648742
BR,c,WL,g,X,SB,s,2016,795.618805,795.618805,R_NAT,923.177593
BR,c,WL,g,X,SC,s,2016,4029.855524,4029.855524,R_NAT,8558.968605
BR,c,WL,g,X,SD,s,2016,6023.798736,6023.798736,R_NAT,6182.984129
BR,c,WL,g,X,SE,s,2016,41.2345,41.2345,R_NAT,182.660278
BR,c,WL,g,X,SF,s,2016,783.649705,783.649705,R_NAT,673.276986
BR,c,WL,g,X,SG,s,2016,739.089504,739.089504,R_NAT,1259.926769
BR,c,WL,g,X,SH,s,2016,650.833704,650.833704,R_NAT,670.737767
BR,c,WL,g,X,SI,s,2016,1803.756111,1803.756111,R_NAT,1673.755013
BR,c,WL,g,X,SJ,s,2016,16880.303302,16880.303302,R_NAT,13002.378519
BR,c,WL,g,X,SK,s,2016,567.561403,567.561403,R_NAT,679.831078
BR,c,WL,g,X,SL,s,2016,732.588004,732.588004,R_NAT,535.683178
BR,c,WL,g,X,S,s,2017,33257.4272,33257.4272,R_NAT,34891.672924
BR,c,WL,g,X,SA,s,2017,6.8309,6.8309,R_NAT,105.23574
BR,c,WL,g,X,SB,s,2017,464.158501,464.158501,R_NAT,707.663924
BR,c,WL,g,X,SC,s,2017,4569.137514,4569.137514,R_NAT,9085.326973
BR,c,WL,g,X,SD,s,2017,5809.213817,5809.213817,R_NAT,6390.30829
BR,c,WL,g,X,SE,s,2017,14.4493,14.4493,R_NAT,225.868316
BR,c,WL,g,X,SF,s,2017,687.813502,687.813502,R_NAT,670.235536
BR,c,WL,g,X,SG,s,2017,679.074002,679.074002,R_NAT,1341.844908
BR,c,WL,g,X,SH,s,2017,642.157302,642.157302,R_NAT,678.379256
BR,c,WL,g,X,SI,s,2017,2186.198207,2186.198207,R_NAT,1983.347707
BR,c,WL,g,X,SJ,s,2017,17083.526451,17083.526451,R_NAT,12337.60646
BR,c,WL,g,X,SK,s,2017,313.077501,313.077501,R_NAT,729.106756
BR,c,WL,g,X,SL,s,2017,801.790202,801.790202,R_NAT,636.749058
BR,c,WL,g,X,S,s,2018,34044.4134,34044.4134,R_NAT,35403.900858
BR,c,WL,g,X,SA,s,2018,4.3424,4.3424,R_NAT,109.198356
BR,c,WL,g,X,SB,s,2018,1327.889704,1327.889704,R_NAT,1183.867252
BR,c,WL,g,X,SC,s,2018,4475.254313,4475.254313,R_NAT,9046.79795
BR,c,WL,g,X,SD,s,2018,5920.636517,5920.636517,R_NAT,6280.710024
BR,c,WL,g,X,SE,s,2018,7.3037,7.3037,R_NAT,238.458871
BR,c,WL,g,X,SF,s,2018,536.114002,536.114002,R_NAT,621.984919
BR,c,WL,g,X,SG,s,2018,775.222502,775.222502,R_NAT,2187.065104
BR,c,WL,g,X,SH,s,2018,825.475502,825.475502,R_NAT,756.412152
BR,c,WL,g,X,SI,s,2018,2617.476708,2617.476708,R_NAT,2004.516309
BR,c,WL,g,X,SJ,s,2018,16412.286448,16412.286448,R_NAT,11363.232082
BR,c,WL,g,X,SK,s,2018,346.410601,346.410601,R_NAT,929.260552
BR,c,WL,g,X,SL,s,2018,796.001002,796.001002,R_NAT,682.397288
BR,c,WL,g,X,S,s,2019,33033.1193,33033.1193,R_NAT,34261.566939
BR,c,WL,g,X,SA,s,2019,18.8473,18.8473,R_NAT,122.827001
BR,c,WL,g,X,SB,s,2019,477.0712,477.0712,R_NAT,764.133432
BR,c,WL,g,X,SC,s,2019,4282.7072,4282.7072,R_NAT,8570.808396
BR,c,WL,g,X,SD,s,2019,5994.5861,5994.5861,R_NAT,6522.477289
BR,c,WL,g,X,SE,s,2019,30.0801,30.0801,R_NAT,266.266899
BR,c,WL,g,X,SF,s,2019,969.7107,969.7107,R_NAT,845.57656
BR,c,WL,g,X,SG,s,2019,1011.4741,1011.4741,R_NAT,1459.878782
BR,c,WL,g,X,SH,s,2019,641.1141,641.1141,R_NAT,690.831206
BR,c,WL,g,X,SI,s,2019,2573.7922,2573.7922,R_NAT,2052.395529
BR,c,WL,g,X,SJ,s,2019,15835.1643,15835.1643,R_NAT,11544.192159
BR,c,WL,g,X,SK,s,2019,518.3302,518.3302,R_NAT,841.248078
BR,c,WL,g,X,SL,s,2019,680.2418,680.2418,R_NAT,580.931609
BR,c,WL,g,X,S,s,2020,27513.9322,27513.9322,R_NAT,26552.434308
BR,c,WL,g,X,SA,s,2020,10.4977,10.4977,R_NAT,142.325832
BR,c,WL,g,X,SB,s,2020,1061.878204,1061.878204,R_NAT,895.42891
BR,c,WL,g,X,SC,s,2020,3997.426915,3997.426915,R_NAT,6914.844585
BR,c,WL,g,X,SD,s,2020,3043.953811,3043.953811,R_NAT,2914.844702
BR,c,WL,g,X,SE,s,2020,16.8932,16.8932,R_NAT,161.752741
BR,c,WL,g,X,SF,s,2020,581.329302,581.329302,R_NAT,749.739429
BR,c,WL,g,X,SG,s,2020,829.405903,829.405903,R_NAT,1333.096009
BR,c,WL,g,X,SH,s,2020,634.291802,634.291802,R_NAT,599.252183
BR,c,WL,g,X,SI,s,2020,2551.741809,2551.741809,R_NAT,1873.656682
BR,c,WL,g,X,SJ,s,2020,13764.49915,13764.49915,R_NAT,9488.957092
BR,c,WL,g,X,SK,s,2020,410.515201,410.515201,R_NAT,927.627568
BR,c,WL,g,X,SL,s,2020,611.499202,611.499202,R_NAT,550.908575
BR,c,WL,g,X,S,s,2021,31481.823,31481.823,R_NAT,30563.196102
BR,c,WL,g,X,SA,s,2021,2.8104,2.8104,R_NAT,103.42065
BR,c,WL,g,X,SB,s,2021,772.2696,772.2696,R_NAT,763.293894
BR,c,WL,g,X,SC,s,2021,5237.8329,5237.8329,R_NAT,8739.240979
BR,c,WL,g,X,SD,s,2021,2947.3403,2947.3403,R_NAT,2925.56628
BR,c,WL,g,X,SE,s,2021,18.2487,18.2487,R_NAT,149.208982
BR,c,WL,g,X,SF,s,2021,783.7004,783.7004,R_NAT,990.508193
BR,c,WL,g,X,SG,s,2021,1050.8297,1050.8297,R_NAT,1799.157101
BR,c,WL,g,X,SH,s,2021,705.2618,705.2618,R_NAT,577.431482
BR,c,WL,g,X,SI,s,2021,3300.5272,3300.5272,R_NAT,2483.099317
BR,c,WL,g,X,SJ,s,2021,15324.9066,15324.9066,R_NAT,10463.81048
BR,c,WL,g,X,SK,s,2021,668.9484,668.9484,R_NAT,1009.609876
BR,c,WL,g,X,SL,s,2021,669.147,669.147,R_NAT,558.848867
BR,c,WL,g,X,S,s,2022,40291.2459,40291.2459,R_NAT,39186.004736
BR,c,WL,g,X,SA,s,2022,4.0245,4.0245,R_NAT,173.326999
BR,c,WL,g,X,SB,s,2022,1347.5845,1347.5845,R_NAT,1049.690754
BR,c,WL,g,X,SC,s,2022,6466.2305,6466.2305,R_NAT,11442.857842
BR,c,WL,g,X,SD,s,2022,4952.3303,4952.3303,R_NAT,5582.651497
BR,c,WL,g,X,SE,s,2022,27.0056,27.0056,R_NAT,230.484118
BR,c,WL,g,X,SF,s,2022,1322.0566,1322.0566,R_NAT,1181.012883
BR,c,WL,g,X,SG,s,2022,996.6797,996.6797,R_NAT,2148.080872
BR,c,WL,g,X,SH,s,2022,745.1385,745.1385,R_NAT,776.581867
BR,c,WL,g,X,SI,s,2022,4674.368,4674.368,R_NAT,3261.662939
BR,c,WL,g,X,SJ,s,2022,18177.5301,18177.5301,R_NAT,12000.257919
BR,c,WL,g,X,SK,s,2022,845.9183,845.9183,R_NAT,722.706835
BR,c,WL,g,X,SL,s,2022,732.3793,732.3793,R_NAT,616.690211
BR,c,WL,g,X,S,s,2023,45372.8582,45372.8582,R_NAT,43204.804215
BR,c,WL,g,X,SA,s,2023,4.5059,4.5059,R_NAT,188.73129
BR,c,WL,g,X,SB,s,2023,1015.1013,1015.1013,R_NAT,1014.361412
BR,c,WL,g,X,SC,s,2023,6760.8659,6760.8659,R_NAT,11675.976516
BR,c,WL,g,X,SD,s,2023,6907.3189,6907.3189,R_NAT,7413.761859
BR,c,WL,g,X,SE,s,2023,13.664,13.664,R_NAT,240.003339
BR,c,WL,g,X,SF,s,2023,1139.583,1139.583,R_NAT,1303.43927
BR,c,WL,g,X,SG,s,2023,1075.165,1075.165,R_NAT,2149.55652
BR,c,WL,g,X,SH,s,2023,920.9422,920.9422,R_NAT,852.78621
BR,c,WL,g,X,SI,s,2023,5783.1509,5783.1509,R_NAT,3877.123008
BR,c,WL,g,X,SJ,s,2023,19971.5375,19971.5375,R_NAT,13064.348559
BR,c,WL,g,X,SK,s,2023,857.6598,857.6598,R_NAT,748.996662
BR,c,WL,g,X,SL,s,2023,923.3638,923.3638,R_NAT,675.719571
BR,c,WL,g,X,S,s,2024,48476.7706,48476.7706,R_NAT,45797.886821
BR,c,WL,g,X,SA,s,2024,10.7987,10.7987,R_NAT,205.992526
BR,c,WL,g,X,SB,s,2024,1872.998204,1872.998204,R_NAT,1442.481858
BR,c,WL,g,X,SC,s,2024,7552.087116,7552.087116,R_NAT,12302.178255
BR,c,WL,g,X,SD,s,2024,7341.039515,7341.039515,R_NAT,7917.837784
BR,c,WL,g,X,SE,s,2024,21.4987,21.4987,R_NAT,265.531231
BR,c,WL,g,X,SF,s,2024,1113.465402,1113.465402,R_NAT,1280.28026
BR,c,WL,g,X,SG,s,2024,1684.888603,1684.888603,R_NAT,2156.959739
BR,c,WL,g,X,SH,s,2024,1092.853602,1092.853602,R_NAT,985.329968
BR,c,WL,g,X,SI,s,2024,6173.496313,6173.496313,R_NAT,4041.399058
BR,c,WL,g,X,SJ,s,2024,19887.859341,19887.859341,R_NAT,13700.799874
BR,c,WL,g,X,SK,s,2024,956.696202,956.696202,R_NAT,800.586896
BR,c,WL,g,X,SL,s,2024,769.088902,769.088902,R_NAT,698.509372
CL,c,WL,g,X,S,s,2005,6658.5,6658.5,R_OECD,6280.015133
CL,c,WL,g,X,SA,s,2005,NA,0,E0,21.479514000000002
CL,c,WL,g,X,SB,s,2005,NA,0,E0,9.838436
CL,c,WL,g,X,SC,s,2005,4471.278565,4471.278565,R_OECD,3666.117941
CL,c,WL,g,X,SD,s,2005,1041.621479,1041.621479,R_OECD,1355.844926
CL,c,WL,g,X,SE,s,2005,NA,0,E0,39.726737
CL,c,WL,g,X,SF,s,2005,157.345251,157.345251,R_OECD,111.163465
CL,c,WL,g,X,SG,s,2005,34.693505,34.693505,R_OECD,94.79355
CL,c,WL,g,X,SH,s,2005,32.85679,32.85679,R_OECD,20.923909
CL,c,WL,g,X,SI,s,2005,238.46683,238.46683,R_OECD,194.12498
CL,c,WL,g,X,SJ,s,2005,673.156044,673.156044,R_OECD,645.629512
CL,c,WL,g,X,SK,s,2005,9.081535,9.081535,R_OECD,38.236583
CL,c,WL,g,X,SL,s,2005,NA,0,E0,82.135578
CL,c,WL,g,X,S,s,2006,7366.1,7366.1,R_OECD,7293.840454
CL,c,WL,g,X,SA,s,2006,NA,0,E0,25.601481
CL,c,WL,g,X,SB,s,2006,NA,0,E0,20.72822
CL,c,WL,g,X,SC,s,2006,4855.76856,4855.76856,R_OECD,4217.095449
CL,c,WL,g,X,SD,s,2006,1201.841686,1201.841686,R_OECD,1536.915681
CL,c,WL,g,X,SE,s,2006,NA,0,E0,46.311126
CL,c,WL,g,X,SF,s,2006,203.349152,203.349152,R_OECD,140.549734
CL,c,WL,g,X,SG,s,2006,37.531916,37.531916,R_OECD,117.515258
CL,c,WL,g,X,SH,s,2006,34.147891,34.147891,R_OECD,23.270959
CL,c,WL,g,X,SI,s,2006,227.242421,227.242421,R_OECD,192.795546
CL,c,WL,g,X,SJ,s,2006,792.169541,792.169541,R_OECD,822.067251
CL,c,WL,g,X,SK,s,2006,14.048832,14.048832,R_OECD,42.321964
CL,c,WL,g,X,SL,s,2006,NA,0,E0,108.667785
CL,c,WL,g,X,S,s,2007,8553.4,8553.4,R_OECD,8602.344539
CL,c,WL,g,X,SA,s,2007,NA,0,E0,29.904165
CL,c,WL,g,X,SB,s,2007,NA,0,E0,21.132385
CL,c,WL,g,X,SC,s,2007,5437.23387,5437.23387,R_OECD,4898.364059
CL,c,WL,g,X,SD,s,2007,1525.246534,1525.246534,R_OECD,1848.202125
CL,c,WL,g,X,SE,s,2007,NA,0,E0,65.712011
CL,c,WL,g,X,SF,s,2007,236.257807,236.257807,R_OECD,160.471549
CL,c,WL,g,X,SG,s,2007,58.135116,58.135116,R_OECD,142.498699
CL,c,WL,g,X,SH,s,2007,31.803936,31.803936,R_OECD,22.108669
CL,c,WL,g,X,SI,s,2007,241.833822,241.833822,R_OECD,223.90213
CL,c,WL,g,X,SJ,s,2007,1004.095681,1004.095681,R_OECD,1034.607929
CL,c,WL,g,X,SK,s,2007,18.793235,18.793235,R_OECD,52.219977
CL,c,WL,g,X,SL,s,2007,NA,0,E0,103.220839
CL,c,WL,g,X,S,s,2008,10070.9,10070.9,R_OECD,10155.323093
CL,c,WL,g,X,SA,s,2008,NA,0,E0,32.604251
CL,c,WL,g,X,SB,s,2008,NA,0,E0,36.350724
CL,c,WL,g,X,SC,s,2008,6719.529594,6719.529594,R_OECD,5954.069057
CL,c,WL,g,X,SD,s,2008,1675.067211,1675.067211,R_OECD,2003.844857
CL,c,WL,g,X,SE,s,2008,NA,0,E0,95.87254
CL,c,WL,g,X,SF,s,2008,272.328458,272.328458,R_OECD,179.056233
CL,c,WL,g,X,SG,s,2008,58.091244,58.091244,R_OECD,151.176262
CL,c,WL,g,X,SH,s,2008,42.847443,42.847443,R_OECD,29.425006
CL,c,WL,g,X,SI,s,2008,312.600934,312.600934,R_OECD,307.840132
CL,c,WL,g,X,SJ,s,2008,955.312574,955.312574,R_OECD,1148.878
CL,c,WL,g,X,SK,s,2008,35.122543,35.122543,R_OECD,74.936716
CL,c,WL,g,X,SL,s,2008,NA,0,E0,141.269314
CL,c,WL,g,X,S,s,2009,8077.1,8077.1,R_OECD,8739.393408
CL,c,WL,g,X,SA,s,2009,NA,0,E0,25.665178
CL,c,WL,g,X,SB,s,2009,NA,0,E0,33.854802
CL,c,WL,g,X,SC,s,2009,4909.677096,4909.677096,R_OECD,4673.020964
CL,c,WL,g,X,SD,s,2009,1701.071558,1701.071558,R_OECD,2048.083712
CL,c,WL,g,X,SE,s,2009,NA,0,E0,112.926976
CL,c,WL,g,X,SF,s,2009,240.544019,240.544019,R_OECD,171.894352
CL,c,WL,g,X,SG,s,2009,62.08594,62.08594,R_OECD,142.411059
CL,c,WL,g,X,SH,s,2009,26.415124,26.415124,R_OECD,24.471104
CL,c,WL,g,X,SI,s,2009,265.399194,265.399194,R_OECD,268.109246
CL,c,WL,g,X,SJ,s,2009,851.003764,851.003764,R_OECD,1036.171106
CL,c,WL,g,X,SK,s,2009,20.903306,20.903306,R_OECD,56.844247
CL,c,WL,g,X,SL,s,2009,NA,0,E0,145.940664
CL,c,WL,g,X,S,s,2010,10199.1,10199.1,R_OECD,10262.261164
CL,c,WL,g,X,SA,s,2010,NA,0,E0,29.275608
CL,c,WL,g,X,SB,s,2010,NA,0,E0,34.888365
CL,c,WL,g,X,SC,s,2010,6666.040007,6666.040007,R_OECD,5992.219051
CL,c,WL,g,X,SD,s,2010,1624.351535,1624.351535,R_OECD,2082.961
CL,c,WL,g,X,SE,s,2010,NA,0,E0,85.099843
CL,c,WL,g,X,SF,s,2010,327.263155,327.263155,R_OECD,185.587134
CL,c,WL,g,X,SG,s,2010,86.843863,86.843863,R_OECD,137.395991
CL,c,WL,g,X,SH,s,2010,37.233533,37.233533,R_OECD,31.570716
CL,c,WL,g,X,SI,s,2010,295.083481,295.083481,R_OECD,253.159801
CL,c,WL,g,X,SJ,s,2010,1132.580113,1132.580113,R_OECD,1204.405948
CL,c,WL,g,X,SK,s,2010,29.704314,29.704314,R_OECD,77.840473
CL,c,WL,g,X,SL,s,2010,NA,0,E0,147.857233
CL,c,WL,g,X,S,s,2011,11980.1,11980.1,R_OECD,11718.98471
CL,c,WL,g,X,SA,s,2011,NA,0,E0,31.465344
CL,c,WL,g,X,SB,s,2011,NA,0,E0,49.065116
CL,c,WL,g,X,SC,s,2011,7817.38216,7817.38216,R_OECD,6935.301096
CL,c,WL,g,X,SD,s,2011,1900.714231,1900.714231,R_OECD,2422.828879
CL,c,WL,g,X,SE,s,2011,NA,0,E0,100.055281
CL,c,WL,g,X,SF,s,2011,376.244263,376.244263,R_OECD,224.604731
CL,c,WL,g,X,SG,s,2011,147.073552,147.073552,R_OECD,196.731769
CL,c,WL,g,X,SH,s,2011,57.034835,57.034835,R_OECD,40.025351
CL,c,WL,g,X,SI,s,2011,350.563116,350.563116,R_OECD,267.727358
CL,c,WL,g,X,SJ,s,2011,1293.649064,1293.649064,R_OECD,1228.900868
CL,c,WL,g,X,SK,s,2011,37.438779,37.438779,R_OECD,86.213341
CL,c,WL,g,X,SL,s,2011,NA,0,E0,136.065576
CL,c,WL,g,X,S,s,2012,11302.6,11302.6,R_OECD,11793.340719
CL,c,WL,g,X,SA,s,2012,NA,0,E0,37.947553
CL,c,WL,g,X,SB,s,2012,NA,0,E0,44.303252
CL,c,WL,g,X,SC,s,2012,6574.850489,6574.850489,R_OECD,6506.090291
CL,c,WL,g,X,SD,s,2012,2255.587489,2255.587489,R_OECD,2721.508623
CL,c,WL,g,X,SE,s,2012,NA,0,E0,99.201586
CL,c,WL,g,X,SF,s,2012,319.68059,319.68059,R_OECD,219.979455
CL,c,WL,g,X,SG,s,2012,185.590903,185.590903,R_OECD,188.98676
CL,c,WL,g,X,SH,s,2012,37.511953,37.511953,R_OECD,32.333002
CL,c,WL,g,X,SI,s,2012,410.558994,410.558994,R_OECD,304.498087
CL,c,WL,g,X,SJ,s,2012,1482.551119,1482.551119,R_OECD,1411.695775
CL,c,WL,g,X,SK,s,2012,36.268462,36.268462,R_OECD,99.207843
CL,c,WL,g,X,SL,s,2012,NA,0,E0,127.588491
CL,c,WL,g,X,S,s,2013,11086.9,11086.9,R_OECD,11647.675318
CL,c,WL,g,X,SA,s,2013,NA,0,E0,28.44618
CL,c,WL,g,X,SB,s,2013,NA,0,E0,60.810081
CL,c,WL,g,X,SC,s,2013,6229.536551,6229.536551,R_OECD,6127.433318
CL,c,WL,g,X,SD,s,2013,2296.898453,2296.898453,R_OECD,3051.831967
CL,c,WL,g,X,SE,s,2013,NA,0,E0,76.952227
CL,c,WL,g,X,SF,s,2013,325.729446,325.729446,R_OECD,219.30689
CL,c,WL,g,X,SG,s,2013,190.034919,190.034919,R_OECD,169.256684
CL,c,WL,g,X,SH,s,2013,39.946967,39.946967,R_OECD,35.861969
CL,c,WL,g,X,SI,s,2013,367.762417,367.762417,R_OECD,292.213229
CL,c,WL,g,X,SJ,s,2013,1595.375476,1595.375476,R_OECD,1352.85053
CL,c,WL,g,X,SK,s,2013,41.61577,41.61577,R_OECD,125.974496
CL,c,WL,g,X,SL,s,2013,NA,0,E0,106.737747
CL,c,WL,g,X,S,s,2014,9744.6,9744.6,R_OECD,11579.463061
CL,c,WL,g,X,SA,s,2014,NA,0,E0,27.416107
CL,c,WL,g,X,SB,s,2014,NA,0,E0,60.447803
CL,c,WL,g,X,SC,s,2014,4954.25024,4954.25024,R_OECD,5623.496981
CL,c,WL,g,X,SD,s,2014,2382.884959,2382.884959,R_OECD,3381.518782
CL,c,WL,g,X,SE,s,2014,NA,0,E0,84.976206
CL,c,WL,g,X,SF,s,2014,266.089866,266.089866,R_OECD,209.575196
CL,c,WL,g,X,SG,s,2014,162.645339,162.645339,R_OECD,175.496626
CL,c,WL,g,X,SH,s,2014,42.67479,42.67479,R_OECD,37.94683
CL,c,WL,g,X,SI,s,2014,358.447316,358.447316,R_OECD,308.530578
CL,c,WL,g,X,SJ,s,2014,1538.384337,1538.384337,R_OECD,1305.602074
CL,c,WL,g,X,SK,s,2014,39.223152,39.223152,R_OECD,268.864969
CL,c,WL,g,X,SL,s,2014,NA,0,E0,95.59091
CL,c,WL,g,X,S,s,2015,8557.4,8557.4,R_OECD,11019.700508
CL,c,WL,g,X,SA,s,2015,NA,0,E3,22.46663
CL,c,WL,g,X,SB,s,2015,NA,0,E3,67.869997
CL,c,WL,g,X,SC,s,2015,3396.167431,3396.167431,R_OECD,4497.439111
CL,c,WL,g,X,SD,s,2015,2613.531374,2613.531374,R_OECD,3630.275222
CL,c,WL,g,X,SE,s,2015,NA,0,E3,71.819364
CL,c,WL,g,X,SF,s,2015,303.823546,303.823546,R_OECD,243.570746
CL,c,WL,g,X,SG,s,2015,193.408857,193.408857,R_OECD,157.381262
CL,c,WL,g,X,SH,s,2015,43.956558,43.956558,R_OECD,49.068643
CL,c,WL,g,X,SI,s,2015,331.662699,331.662699,R_OECD,294.635517
CL,c,WL,g,X,SJ,s,2015,1639.579629,1639.579629,R_OECD,1489.670853
CL,c,WL,g,X,SK,s,2015,35.269905,35.269905,R_OECD,408.241172
CL,c,WL,g,X,SL,s,2015,NA,0,E0,87.261991
CL,c,WL,g,X,S,s,2016,8600.3,8600.3,R_OECD,11349.211237
CL,c,WL,g,X,SA,s,2016,NA,0,E3,18.068968
CL,c,WL,g,X,SB,s,2016,NA,0,E3,71.705406
CL,c,WL,g,X,SC,s,2016,3224.862678,3224.862678,R_OECD,4403.124433
CL,c,WL,g,X,SD,s,2016,2822.307082,2822.307082,R_OECD,4233.795268
CL,c,WL,g,X,SE,s,2016,NA,0,E3,81.186598
CL,c,WL,g,X,SF,s,2016,329.660109,329.660109,R_OECD,258.192394
CL,c,WL,g,X,SG,s,2016,199.121438,199.121438,R_OECD,173.293856
CL,c,WL,g,X,SH,s,2016,40.392304,40.392304,R_OECD,57.257649
CL,c,WL,g,X,SI,s,2016,362.26848,362.26848,R_OECD,310.977527
CL,c,WL,g,X,SJ,s,2016,1582.347487,1582.347487,R_OECD,1357.093632
CL,c,WL,g,X,SK,s,2016,39.340421,39.340421,R_OECD,297.719264
CL,c,WL,g,X,SL,s,2016,NA,0,E0,86.796242
CL,c,WL,g,X,S,s,2017,9193.6,9193.6,R_OECD,12633.598147
CL,c,WL,g,X,SA,s,2017,NA,0,E3,17.47898
CL,c,WL,g,X,SB,s,2017,NA,0,E3,74.179025
CL,c,WL,g,X,SC,s,2017,3478.087242,3478.087242,R_OECD,4827.847137
CL,c,WL,g,X,SD,s,2017,3303.889405,3303.889405,R_OECD,5005.598143
CL,c,WL,g,X,SE,s,2017,NA,0,E3,88.860243
CL,c,WL,g,X,SF,s,2017,320.201197,320.201197,R_OECD,250.743501
CL,c,WL,g,X,SG,s,2017,232.68303,232.68303,R_OECD,207.580787
CL,c,WL,g,X,SH,s,2017,52.930149,52.930149,R_OECD,60.617094
CL,c,WL,g,X,SI,s,2017,363.174189,363.174189,R_OECD,342.383527
CL,c,WL,g,X,SJ,s,2017,1400.919542,1400.919542,R_OECD,1321.742591
CL,c,WL,g,X,SK,s,2017,41.715246,41.715246,R_OECD,333.264922
CL,c,WL,g,X,SL,s,2017,NA,0,E0,103.302197
CL,c,WL,g,X,S,s,2018,9225.7,9225.7,R_OECD,12726.263559
CL,c,WL,g,X,SA,s,2018,NA,0,E3,19.951301
CL,c,WL,g,X,SB,s,2018,NA,0,E3,77.853515
CL,c,WL,g,X,SC,s,2018,3570.411912,3570.411912,R_OECD,5246.123397
CL,c,WL,g,X,SD,s,2018,3030.283672,3030.283672,R_OECD,4322.814121
CL,c,WL,g,X,SE,s,2018,NA,0,E3,98.079907
CL,c,WL,g,X,SF,s,2018,310.707122,310.707122,R_OECD,272.73793
CL,c,WL,g,X,SG,s,2018,232.873419,232.873419,R_OECD,238.528836
CL,c,WL,g,X,SH,s,2018,48.332219,48.332219,R_OECD,70.841307
CL,c,WL,g,X,SI,s,2018,392.202357,392.202357,R_OECD,383.057608
CL,c,WL,g,X,SJ,s,2018,1596.21861,1596.21861,R_OECD,1524.209614
CL,c,WL,g,X,SK,s,2018,44.670687,44.670687,R_OECD,377.650897
CL,c,WL,g,X,SL,s,2018,NA,0,E0,94.415126
CL,c,WL,g,X,S,s,2019,8462.4,8462.4,R_OECD,12453.441726
CL,c,WL,g,X,SA,s,2019,NA,0,E3,28.15598
CL,c,WL,g,X,SB,s,2019,NA,0,E3,84.223789
CL,c,WL,g,X,SC,s,2019,3446.885077,3446.885077,R_OECD,5454.326928
CL,c,WL,g,X,SD,s,2019,2396.344361,2396.344361,R_OECD,3818.917275
CL,c,WL,g,X,SE,s,2019,NA,0,E3,77.484742
CL,c,WL,g,X,SF,s,2019,330.232385,330.232385,R_OECD,274.396291
CL,c,WL,g,X,SG,s,2019,234.066383,234.066383,R_OECD,274.304903
CL,c,WL,g,X,SH,s,2019,46.938168,46.938168,R_OECD,59.274297
CL,c,WL,g,X,SI,s,2019,398.506083,398.506083,R_OECD,415.19823
CL,c,WL,g,X,SJ,s,2019,1557.910043,1557.910043,R_OECD,1627.031266
CL,c,WL,g,X,SK,s,2019,51.517501,51.517501,R_OECD,256.123612
CL,c,WL,g,X,SL,s,2019,NA,0,E0,84.004413
CL,c,WL,g,X,S,s,2020,5554.5,5554.5,R_OECD,8183.898421
CL,c,WL,g,X,SA,s,2020,NA,0,E3,21.223725
CL,c,WL,g,X,SB,s,2020,NA,0,E3,65.781098
CL,c,WL,g,X,SC,s,2020,2673.697956,2673.697956,R_OECD,3918.414662
CL,c,WL,g,X,SD,s,2020,434.971281,434.971281,R_OECD,1158.078882
CL,c,WL,g,X,SE,s,2020,NA,0,E3,52.813005
CL,c,WL,g,X,SF,s,2020,374.157511,374.157511,R_OECD,303.205786
CL,c,WL,g,X,SG,s,2020,256.640434,256.640434,R_OECD,289.206251
CL,c,WL,g,X,SH,s,2020,41.737007,41.737007,R_OECD,63.57311
CL,c,WL,g,X,SI,s,2020,400.190442,400.190442,R_OECD,432.05023
CL,c,WL,g,X,SJ,s,2020,1330.525189,1330.525189,R_OECD,1568.559836
CL,c,WL,g,X,SK,s,2020,42.580179,42.580179,R_OECD,243.672395
CL,c,WL,g,X,SL,s,2020,NA,0,E0,67.31944
CL,c,WL,g,X,S,s,2021,5972.9,5972.9,R_OECD,9396.730543
CL,c,WL,g,X,SA,s,2021,NA,0,E3,24.99936
CL,c,WL,g,X,SB,s,2021,NA,0,E3,59.555319
CL,c,WL,g,X,SC,s,2021,3181.411596,3181.411596,R_OECD,5110.767284
CL,c,WL,g,X,SD,s,2021,118.690559,118.690559,R_OECD,739.317822
CL,c,WL,g,X,SE,s,2021,NA,0,E3,67.398412
CL,c,WL,g,X,SF,s,2021,422.302901,422.302901,R_OECD,364.202992
CL,c,WL,g,X,SG,s,2021,267.55312,267.55312,R_OECD,332.771638
CL,c,WL,g,X,SH,s,2021,70.646639,70.646639,R_OECD,90.346365
CL,c,WL,g,X,SI,s,2021,519.652287,519.652287,R_OECD,572.678544
CL,c,WL,g,X,SJ,s,2021,1338.080986,1338.080986,R_OECD,1768.724104
CL,c,WL,g,X,SK,s,2021,54.561913,54.561913,R_OECD,196.327721
CL,c,WL,g,X,SL,s,2021,NA,0,E0,69.640982
CL,c,WL,g,X,S,s,2022,8529.4,8529.4,R_OECD,12761.293848
CL,c,WL,g,X,SA,s,2022,NA,0,E3,32.909237
CL,c,WL,g,X,SB,s,2022,NA,0,E3,70.730961
CL,c,WL,g,X,SC,s,2022,4202.889727,4202.889727,R_OECD,6953.889823
CL,c,WL,g,X,SD,s,2022,1068.733026,1068.733026,R_OECD,1908.3449
CL,c,WL,g,X,SE,s,2022,NA,0,E3,75.478415
CL,c,WL,g,X,SF,s,2022,406.569598,406.569598,R_OECD,382.987795
CL,c,WL,g,X,SG,s,2022,319.387879,319.387879,R_OECD,381.057812
CL,c,WL,g,X,SH,s,2022,68.283646,68.283646,R_OECD,88.057036
CL,c,WL,g,X,SI,s,2022,529.876916,529.876916,R_OECD,581.865403
CL,c,WL,g,X,SJ,s,2022,1865.479971,1865.479971,R_OECD,2090.068382
CL,c,WL,g,X,SK,s,2022,68.179237,68.179237,R_OECD,123.850315
CL,c,WL,g,X,SL,s,2022,NA,0,E0,72.05377
CL,c,WL,g,X,S,s,2023,NA,10136.0871,E2,15627.354093
CL,c,WL,g,X,SA,s,2023,NA,0,E2,29.316647
CL,c,WL,g,X,SB,s,2023,NA,0,E2,119.573029
CL,c,WL,g,X,SC,s,2023,NA,4055.278223,E2,7303.081732
CL,c,WL,g,X,SD,s,2023,NA,2335.91659,E2,3712.966734
CL,c,WL,g,X,SE,s,2023,NA,0,E2,94.030598
CL,c,WL,g,X,SF,s,2023,NA,440.759907,E5,481.770354
CL,c,WL,g,X,SG,s,2023,NA,346.246632,E5,421.935936
CL,c,WL,g,X,SH,s,2023,NA,74.025981,E5,85.932493
CL,c,WL,g,X,SI,s,2023,NA,618.464994,E2,708.177516
CL,c,WL,g,X,SJ,s,2023,NA,2191.48207,E2,2440.372785
CL,c,WL,g,X,SK,s,2023,NA,73.912702,E5,154.667683
CL,c,WL,g,X,SL,s,2023,NA,0,E2,75.528587
CL,c,WL,g,X,S,s,2024,NA,11743.8346,E2,17587.361972
CL,c,WL,g,X,SA,s,2024,NA,0,E2,27.447858
CL,c,WL,g,X,SB,s,2024,NA,0,E2,115.891084
CL,c,WL,g,X,SC,s,2024,NA,4237.249376,E2,7487.073647
CL,c,WL,g,X,SD,s,2024,NA,3100.304116,E2,4780.943415
CL,c,WL,g,X,SE,s,2024,NA,0,E2,97.151437
CL,c,WL,g,X,SF,s,2024,NA,439.376702,E5,496.087864
CL,c,WL,g,X,SG,s,2024,NA,345.160081,E5,429.824375
CL,c,WL,g,X,SH,s,2024,NA,73.793651,E5,115.491686
CL,c,WL,g,X,SI,s,2024,NA,692.91359,E2,769.207155
CL,c,WL,g,X,SJ,s,2024,NA,2781.356306,E2,3014.844762
CL,c,WL,g,X,SK,s,2024,NA,73.680777,E5,167.262153
CL,c,WL,g,X,SL,s,2024,NA,0,E2,86.136536
UY,c,WL,g,X,S,s,2005,1311.2828,1311.2828,R_IMF,1722.197723
UY,c,WL,g,X,SA,s,2005,0,0,R_IMF,1.835205
UY,c,WL,g,X,SB,s,2005,NA,0,E1,5.040656
UY,c,WL,g,X,SC,s,2005,468.4947,468.4947,R_IMF,502.924249
UY,c,WL,g,X,SD,s,2005,594.4341,594.4341,R_IMF,850.414511
UY,c,WL,g,X,SE,s,2005,0,0,R_IMF,13.421866
UY,c,WL,g,X,SF,s,2005,4.2494,4.2494,R_IMF,18.358609
UY,c,WL,g,X,SG,s,2005,65.6695,65.6695,R_IMF,38.760261
UY,c,WL,g,X,SH,s,2005,0.071,0.071,R_IMF,31.874911
UY,c,WL,g,X,SI,s,2005,100.4204,100.4204,R_IMF,92.701674
UY,c,WL,g,X,SJ,s,2005,51.5009,51.5009,R_IMF,117.458849
UY,c,WL,g,X,SK,s,2005,0.367,0.367,R_IMF,17.694539
UY,c,WL,g,X,SL,s,2005,26.0758,26.0758,R_IMF,31.712392
UY,c,WL,g,X,S,s,2006,1387.4276,1387.4276,R_IMF,2002.935891
UY,c,WL,g,X,SA,s,2006,0,0,R_IMF,2.188924
UY,c,WL,g,X,SB,s,2006,0,0,R_IMF,6.692358
UY,c,WL,g,X,SC,s,2006,482.9467,482.9467,R_IMF,566.868584
UY,c,WL,g,X,SD,s,2006,597.7629,597.7629,R_IMF,930.744483
UY,c,WL,g,X,SE,s,2006,0,0,R_IMF,17.011016
UY,c,WL,g,X,SF,s,2006,3.6003,3.6003,R_IMF,24.987978
UY,c,WL,g,X,SG,s,2006,55.9643,55.9643,R_IMF,70.345255
UY,c,WL,g,X,SH,s,2006,0,0,R_IMF,42.186658
UY,c,WL,g,X,SI,s,2006,141.52440000000001,141.52440000000001,R_IMF,126.670644
UY,c,WL,g,X,SJ,s,2006,76.7387,76.7387,R_IMF,154.867726
UY,c,WL,g,X,SK,s,2006,2.2437,2.2437,R_IMF,26.221297
UY,c,WL,g,X,SL,s,2006,26.6466,26.6466,R_IMF,34.150968
UY,c,WL,g,X,S,s,2007,1833.4516,1833.4516,R_IMF,2473.546489
UY,c,WL,g,X,SA,s,2007,0,0,R_IMF,2.635454
UY,c,WL,g,X,SB,s,2007,0,0,R_IMF,8.112713
UY,c,WL,g,X,SC,s,2007,564.3922,564.3922,R_IMF,666.099319
UY,c,WL,g,X,SD,s,2007,808.8933,808.8933,R_IMF,1182.303394
UY,c,WL,g,X,SE,s,2007,0,0,R_IMF,21.585698
UY,c,WL,g,X,SF,s,2007,3.961,3.961,R_IMF,33.037555
UY,c,WL,g,X,SG,s,2007,70.9057,70.9057,R_IMF,78.677796
UY,c,WL,g,X,SH,s,2007,0.03,0.03,R_IMF,30.260604
UY,c,WL,g,X,SI,s,2007,172.3292,172.3292,R_IMF,148.936952
UY,c,WL,g,X,SJ,s,2007,183.1637,183.1637,R_IMF,228.710829
UY,c,WL,g,X,SK,s,2007,0.2034,0.2034,R_IMF,36.946099
UY,c,WL,g,X,SL,s,2007,29.5731,29.5731,R_IMF,36.240076
UY,c,WL,g,X,S,s,2008,2276.7422,2276.7422,R_IMF,3030.895736
UY,c,WL,g,X,SA,s,2008,0,0,R_IMF,2.728117
UY,c,WL,g,X,SB,s,2008,0,0,R_IMF,10.509284
UY,c,WL,g,X,SC,s,2008,674.4668,674.4668,R_IMF,802.487257
UY,c,WL,g,X,SD,s,2008,1051.3616,1051.3616,R_IMF,1431.995368
UY,c,WL,g,X,SE,s,2008,0,0,R_IMF,32.181544
UY,c,WL,g,X,SF,s,2008,2.8877,2.8877,R_IMF,41.386488
UY,c,WL,g,X,SG,s,2008,82.9887,82.9887,R_IMF,81.302162
UY,c,WL,g,X,SH,s,2008,0.096,0.096,R_IMF,46.744157
UY,c,WL,g,X,SI,s,2008,204.7297,204.7297,R_IMF,187.604728
UY,c,WL,g,X,SJ,s,2008,223.8885,223.8885,R_IMF,296.886739
UY,c,WL,g,X,SK,s,2008,0.3787,0.3787,R_IMF,54.220872
UY,c,WL,g,X,SL,s,2008,35.9445,35.9445,R_IMF,42.849021
UY,c,WL,g,X,S,s,2009,2319.6575,2319.6575,R_IMF,2952.659901
UY,c,WL,g,X,SA,s,2009,0,0,R_IMF,2.915455
UY,c,WL,g,X,SB,s,2009,0,0,R_IMF,9.88286
UY,c,WL,g,X,SC,s,2009,446.238319,446.238319,R_IMF,576.583593
UY,c,WL,g,X,SD,s,2009,1320.603057,1320.603057,R_IMF,1570.405409
UY,c,WL,g,X,SE,s,2009,0,0,R_IMF,36.483901
UY,c,WL,g,X,SF,s,2009,8.5179,8.5179,R_IMF,44.310376
UY,c,WL,g,X,SG,s,2009,89.149404,89.149404,R_IMF,83.49792
UY,c,WL,g,X,SH,s,2009,0.148,0.148,R_IMF,48.059337
UY,c,WL,g,X,SI,s,2009,176.394908,176.394908,R_IMF,168.876098
UY,c,WL,g,X,SJ,s,2009,241.30791,241.30791,R_IMF,303.76795
UY,c,WL,g,X,SK,s,2009,0.678,0.678,R_IMF,66.074979
UY,c,WL,g,X,SL,s,2009,36.620002,36.620002,R_IMF,41.80202
UY,c,WL,g,X,S,s,2010,2688.1585,2688.1585,R_IMF,3445.687796
UY,c,WL,g,X,SA,s,2010,0,0,R_IMF,2.327583
UY,c,WL,g,X,SB,s,2010,0,0,R_IMF,10.506357
UY,c,WL,g,X,SC,s,2010,500.1552,500.1552,R_IMF,706.336715
UY,c,WL,g,X,SD,s,2010,1508.8822,1508.8822,R_IMF,1872.805076
UY,c,WL,g,X,SE,s,2010,0,0,R_IMF,17.806375
UY,c,WL,g,X,SF,s,2010,6.907,6.907,R_IMF,45.491582
UY,c,WL,g,X,SG,s,2010,121.2883,121.2883,R_IMF,96.216483
UY,c,WL,g,X,SH,s,2010,0.201,0.201,R_IMF,53.994114
UY,c,WL,g,X,SI,s,2010,207.5431,207.5431,R_IMF,188.8339
UY,c,WL,g,X,SJ,s,2010,307.1791,307.1791,R_IMF,345.371328
UY,c,WL,g,X,SK,s,2010,1.5128,1.5128,R_IMF,68.551945
UY,c,WL,g,X,SL,s,2010,34.4898,34.4898,R_IMF,37.446337
UY,c,WL,g,X,S,s,2011,3641.9117,3641.9117,R_IMF,4223.793171
UY,c,WL,g,X,SA,s,2011,NA,0,E0,1.446906
UY,c,WL,g,X,SB,s,2011,NA,0,E0,12.638777
UY,c,WL,g,X,SC,s,2011,653.485918,653.485918,R_IMF,834.348183
UY,c,WL,g,X,SD,s,2011,2202.96496,2202.96496,R_IMF,2342.528363
UY,c,WL,g,X,SE,s,2011,NA,0,E0,38.735226
UY,c,WL,g,X,SF,s,2011,8.9852,8.9852,R_IMF,52.934296
UY,c,WL,g,X,SG,s,2011,138.308304,138.308304,R_IMF,106.155514
UY,c,WL,g,X,SH,s,2011,0.43,0.43,R_IMF,66.273078
UY,c,WL,g,X,SI,s,2011,212.381106,212.381106,R_IMF,202.189434
UY,c,WL,g,X,SJ,s,2011,388.681211,388.681211,R_IMF,446.857843
UY,c,WL,g,X,SK,s,2011,1.9287,1.9287,R_IMF,83.277669
UY,c,WL,g,X,SL,s,2011,34.746301,34.746301,R_IMF,36.407881
UY,c,WL,g,X,S,s,2012,5224.1233,5224.1233,R_IMF,4910.627381
UY,c,WL,g,X,SA,s,2012,0,0,R_IMF,11.482333
UY,c,WL,g,X,SB,s,2012,18.1558,18.1558,R_IMF,19.021751
UY,c,WL,g,X,SC,s,2012,534.773,534.773,R_IMF,837.289922
UY,c,WL,g,X,SD,s,2012,2522.8982,2522.8982,R_IMF,2488.869508
UY,c,WL,g,X,SE,s,2012,0,0,R_IMF,64.222459
UY,c,WL,g,X,SF,s,2012,20.9721,20.9721,R_IMF,67.965972
UY,c,WL,g,X,SG,s,2012,290.9534,290.9534,R_IMF,169.079393
UY,c,WL,g,X,SH,s,2012,47.8127,47.8127,R_IMF,112.158246
UY,c,WL,g,X,SI,s,2012,259.8419,259.8419,R_IMF,232.669529
UY,c,WL,g,X,SJ,s,2012,1346.5216,1346.5216,R_IMF,754.419163
UY,c,WL,g,X,SK,s,2012,99.0054,99.0054,R_IMF,94.527901
UY,c,WL,g,X,SL,s,2012,83.1892,83.1892,R_IMF,58.921205
UY,c,WL,g,X,S,s,2013,5118.9652,5118.9652,R_IMF,4812.869728
UY,c,WL,g,X,SA,s,2013,0,0,R_IMF,1.675338
UY,c,WL,g,X,SB,s,2013,7.6652,7.6652,R_IMF,17.154131
UY,c,WL,g,X,SC,s,2013,534.9036,534.9036,R_IMF,829.612223
UY,c,WL,g,X,SD,s,2013,2387.6307,2387.6307,R_IMF,2419.616959
UY,c,WL,g,X,SE,s,2013,0,0,R_IMF,43.47994
UY,c,WL,g,X,SF,s,2013,24.2788,24.2788,R_IMF,69.557118
UY,c,WL,g,X,SG,s,2013,333.9292,333.9292,R_IMF,166.303932
UY,c,WL,g,X,SH,s,2013,40.8978,40.8978,R_IMF,80.489996
UY,c,WL,g,X,SI,s,2013,275.9839,275.9839,R_IMF,242.39154
UY,c,WL,g,X,SJ,s,2013,1325.4134,1325.4134,R_IMF,799.585838
UY,c,WL,g,X,SK,s,2013,98.5536,98.5536,R_IMF,83.899343
UY,c,WL,g,X,SL,s,2013,89.709,89.709,R_IMF,59.103368
UY,c,WL,g,X,S,s,2014,4965.0546,4965.0546,R_IMF,4796.751411
UY,c,WL,g,X,SA,s,2014,0,0,R_IMF,2.212106
UY,c,WL,g,X,SB,s,2014,29.514001,29.514001,R_IMF,25.092829
UY,c,WL,g,X,SC,s,2014,565.677911,565.677911,R_IMF,788.74461
UY,c,WL,g,X,SD,s,2014,2228.868745,2228.868745,R_IMF,2414.386852
UY,c,WL,g,X,SE,s,2014,0,0,R_IMF,52.299918
UY,c,WL,g,X,SF,s,2014,27.719501,27.719501,R_IMF,65.525254
UY,c,WL,g,X,SG,s,2014,325.243907,325.243907,R_IMF,160.959087
UY,c,WL,g,X,SH,s,2014,57.239001,57.239001,R_IMF,80.90761
UY,c,WL,g,X,SI,s,2014,325.106407,325.106407,R_IMF,285.251854
UY,c,WL,g,X,SJ,s,2014,1242.274125,1242.274125,R_IMF,785.641447
UY,c,WL,g,X,SK,s,2014,94.815902,94.815902,R_IMF,85.750454
UY,c,WL,g,X,SL,s,2014,68.595101,68.595101,R_IMF,49.979391
UY,c,WL,g,X,S,s,2015,5193.8031,5193.8031,R_IMF,4828.347115
UY,c,WL,g,X,SA,s,2015,0,0,R_IMF,2.256534
UY,c,WL,g,X,SB,s,2015,27.9843,27.9843,R_IMF,24.241425
UY,c,WL,g,X,SC,s,2015,599.6027,599.6027,R_IMF,805.922045
UY,c,WL,g,X,SD,s,2015,2249.0073,2249.0073,R_IMF,2399.065561
UY,c,WL,g,X,SE,s,2015,0,0,R_IMF,39.903158
UY,c,WL,g,X,SF,s,2015,26.8033,26.8033,R_IMF,56.995192
UY,c,WL,g,X,SG,s,2015,326.8991,326.8991,R_IMF,146.192547
UY,c,WL,g,X,SH,s,2015,37.5679,37.5679,R_IMF,66.58847
UY,c,WL,g,X,SI,s,2015,439.1193,439.1193,R_IMF,309.518698
UY,c,WL,g,X,SJ,s,2015,1327.5806,1327.5806,R_IMF,831.927248
UY,c,WL,g,X,SK,s,2015,81.6246,81.6246,R_IMF,96.396027
UY,c,WL,g,X,SL,s,2015,77.614,77.614,R_IMF,49.340208
UY,c,WL,g,X,S,s,2016,4900.8414,4900.8414,R_IMF,4569.126307
UY,c,WL,g,X,SA,s,2016,0,0,R_IMF,2.453066
UY,c,WL,g,X,SB,s,2016,33.5787,33.5787,R_IMF,25.269414
UY,c,WL,g,X,SC,s,2016,543.5901,543.5901,R_IMF,699.664929
UY,c,WL,g,X,SD,s,2016,2285.3207,2285.3207,R_IMF,2387.738659
UY,c,WL,g,X,SE,s,2016,0,0,R_IMF,30.758471
UY,c,WL,g,X,SF,s,2016,22.7085,22.7085,R_IMF,59.823412
UY,c,WL,g,X,SG,s,2016,345.0949,345.0949,R_IMF,143.403229
UY,c,WL,g,X,SH,s,2016,37.3203,37.3203,R_IMF,88.86778
UY,c,WL,g,X,SI,s,2016,422.1477,422.1477,R_IMF,284.576255
UY,c,WL,g,X,SJ,s,2016,1073.7113,1073.7113,R_IMF,722.597706
UY,c,WL,g,X,SK,s,2016,68.3966,68.3966,R_IMF,81.755044
UY,c,WL,g,X,SL,s,2016,68.9726,68.9726,R_IMF,42.218341
UY,c,WL,g,X,S,s,2017,5723.302,5723.302,R_IMF,5014.921017
UY,c,WL,g,X,SA,s,2017,0,0,R_IMF,2.571704
UY,c,WL,g,X,SB,s,2017,32.7663,32.7663,R_IMF,26.442942
UY,c,WL,g,X,SC,s,2017,516.7898,516.7898,R_IMF,750.904204
UY,c,WL,g,X,SD,s,2017,2823.2287,2823.2287,R_IMF,2666.001462
UY,c,WL,g,X,SE,s,2017,0,0,R_IMF,35.347857
UY,c,WL,g,X,SF,s,2017,24.3171,24.3171,R_IMF,59.870404
UY,c,WL,g,X,SG,s,2017,311.6039,311.6039,R_IMF,133.622272
UY,c,WL,g,X,SH,s,2017,39.6847,39.6847,R_IMF,74.871756
UY,c,WL,g,X,SI,s,2017,804.8481,804.8481,R_IMF,427.205131
UY,c,WL,g,X,SJ,s,2017,1048.1466,1048.1466,R_IMF,718.885526
UY,c,WL,g,X,SK,s,2017,64.603,64.603,R_IMF,80.665277
UY,c,WL,g,X,SL,s,2017,57.3138,57.3138,R_IMF,38.532482
UY,c,WL,g,X,S,s,2018,5472.6337,5472.6337,R_IMF,5032.672367
UY,c,WL,g,X,SA,s,2018,0,0,R_IMF,2.857873
UY,c,WL,g,X,SB,s,2018,35.207,35.207,R_IMF,31.091828
UY,c,WL,g,X,SC,s,2018,573.1307,573.1307,R_IMF,796.713615
UY,c,WL,g,X,SD,s,2018,2621.3025,2621.3025,R_IMF,2637.864422
UY,c,WL,g,X,SE,s,2018,0,0,R_IMF,55.667772
UY,c,WL,g,X,SF,s,2018,24.4813,24.4813,R_IMF,53.036323
UY,c,WL,g,X,SG,s,2018,294.4021,294.4021,R_IMF,129.574292
UY,c,WL,g,X,SH,s,2018,55.0973,55.0973,R_IMF,84.642562
UY,c,WL,g,X,SI,s,2018,879.2262,879.2262,R_IMF,476.206341
UY,c,WL,g,X,SJ,s,2018,865.6998,865.6998,R_IMF,651.553609
UY,c,WL,g,X,SK,s,2018,64.1348,64.1348,R_IMF,73.603421
UY,c,WL,g,X,SL,s,2018,59.952,59.952,R_IMF,39.860307
UY,c,WL,g,X,S,s,2019,5523.8157,5523.8157,R_IMF,4689.726795
UY,c,WL,g,X,SA,s,2019,0,0,R_IMF,4.261917
UY,c,WL,g,X,SB,s,2019,33.470701,33.470701,R_IMF,32.156402
UY,c,WL,g,X,SC,s,2019,579.58431,579.58431,R_IMF,740.12985
UY,c,WL,g,X,SD,s,2019,2249.813741,2249.813741,R_IMF,2271.10456
UY,c,WL,g,X,SE,s,2019,41.438201,41.438201,R_IMF,53.595381
UY,c,WL,g,X,SF,s,2019,23.1361,23.1361,R_IMF,54.085606
UY,c,WL,g,X,SG,s,2019,290.663005,290.663005,R_IMF,139.009301
UY,c,WL,g,X,SH,s,2019,34.357101,34.357101,R_IMF,68.617676
UY,c,WL,g,X,SI,s,2019,1050.212019,1050.212019,R_IMF,511.069133
UY,c,WL,g,X,SJ,s,2019,1098.76962,1098.76962,R_IMF,703.451436
UY,c,WL,g,X,SK,s,2019,68.421301,68.421301,R_IMF,74.067072
UY,c,WL,g,X,SL,s,2019,53.949601,53.949601,R_IMF,38.178462
UY,c,WL,g,X,S,s,2020,3914.923,3914.923,R_IMF,3672.79839
UY,c,WL,g,X,SA,s,2020,0,0,R_IMF,2.772534
UY,c,WL,g,X,SB,s,2020,47.451904,47.451904,R_IMF,40.207242
UY,c,WL,g,X,SC,s,2020,388.89533,388.89533,R_IMF,626.068254
UY,c,WL,g,X,SD,s,2020,1128.149986,1128.149986,R_IMF,1293.034729
UY,c,WL,g,X,SE,s,2020,0,0,R_IMF,17.568867
UY,c,WL,g,X,SF,s,2020,22.195502,22.195502,R_IMF,69.00375
UY,c,WL,g,X,SG,s,2020,277.261021,277.261021,R_IMF,152.460422
UY,c,WL,g,X,SH,s,2020,26.244502,26.244502,R_IMF,75.746564
UY,c,WL,g,X,SI,s,2020,1025.064879,1025.064879,R_IMF,627.339147
UY,c,WL,g,X,SJ,s,2020,906.347869,906.347869,R_IMF,654.875765
UY,c,WL,g,X,SK,s,2020,34.548803,34.548803,R_IMF,71.554126
UY,c,WL,g,X,SL,s,2020,58.763205,58.763205,R_IMF,42.166989
UY,c,WL,g,X,S,s,2021,4050.0757,4050.0757,R_IMF,3739.555529
UY,c,WL,g,X,SA,s,2021,0,0,R_IMF,3.451127
UY,c,WL,g,X,SB,s,2021,47.707501,47.707501,R_IMF,41.323334
UY,c,WL,g,X,SC,s,2021,511.246913,511.246913,R_IMF,885.512904
UY,c,WL,g,X,SD,s,2021,573.294614,573.294614,R_IMF,853.434313
UY,c,WL,g,X,SE,s,2021,0,0,R_IMF,27.208565
UY,c,WL,g,X,SF,s,2021,21.809501,21.809501,R_IMF,108.087532
UY,c,WL,g,X,SG,s,2021,308.226308,308.226308,R_IMF,169.054833
UY,c,WL,g,X,SH,s,2021,45.054401,45.054401,R_IMF,95.057592
UY,c,WL,g,X,SI,s,2021,980.333924,980.333924,R_IMF,612.322505
UY,c,WL,g,X,SJ,s,2021,1444.263536,1444.263536,R_IMF,811.14622
UY,c,WL,g,X,SK,s,2021,54.361701,54.361701,R_IMF,88.775943
UY,c,WL,g,X,SL,s,2021,63.777302,63.777302,R_IMF,44.180661
UY,c,WL,g,X,S,s,2022,5909.1286,5909.1286,R_IMF,5660.858308
UY,c,WL,g,X,SA,s,2022,0,0,R_IMF,3.62975
UY,c,WL,g,X,SB,s,2022,36.5371,36.5371,R_IMF,40.308781
UY,c,WL,g,X,SC,s,2022,667.8359,667.8359,R_IMF,1269.538432
UY,c,WL,g,X,SD,s,2022,1650.3177,1650.3177,R_IMF,2057.318602
UY,c,WL,g,X,SE,s,2022,0,0,R_IMF,42.672302
UY,c,WL,g,X,SF,s,2022,19.0886,19.0886,R_IMF,128.069253
UY,c,WL,g,X,SG,s,2022,252.7642,252.7642,R_IMF,153.569576
UY,c,WL,g,X,SH,s,2022,76.054,76.054,R_IMF,107.96057
UY,c,WL,g,X,SI,s,2022,1274.6351,1274.6351,R_IMF,748.152488
UY,c,WL,g,X,SJ,s,2022,1827.9178,1827.9178,R_IMF,980.074852
UY,c,WL,g,X,SK,s,2022,45.4661,45.4661,R_IMF,86.669457
UY,c,WL,g,X,SL,s,2022,58.5121,58.5121,R_IMF,42.894248
UY,c,WL,g,X,S,s,2023,6881.6739,6881.6739,R_IMF,6424.312297
UY,c,WL,g,X,SA,s,2023,0,0,R_IMF,2.615132
UY,c,WL,g,X,SB,s,2023,26.9467,26.9467,R_IMF,31.205427
UY,c,WL,g,X,SC,s,2023,709.5189,709.5189,R_IMF,1078.738188
UY,c,WL,g,X,SD,s,2023,2250.3988,2250.3988,R_IMF,2735.559481
UY,c,WL,g,X,SE,s,2023,0,0,R_IMF,31.92167
UY,c,WL,g,X,SF,s,2023,53.1972,53.1972,R_IMF,109.021227
UY,c,WL,g,X,SG,s,2023,329.0911,329.0911,R_IMF,171.768355
UY,c,WL,g,X,SH,s,2023,113.14,113.14,R_IMF,97.089664
UY,c,WL,g,X,SI,s,2023,1354.0892,1354.0892,R_IMF,864.964151
UY,c,WL,g,X,SJ,s,2023,1902.8446,1902.8446,R_IMF,1151.055942
UY,c,WL,g,X,SK,s,2023,83.3385,83.3385,R_IMF,110.985659
UY,c,WL,g,X,SL,s,2023,59.1089,59.1089,R_IMF,39.387401
UY,c,WL,g,X,S,s,2024,6948.3225,6948.3225,R_IMF,6557.333768
UY,c,WL,g,X,SA,s,2024,0,0,R_IMF,3.204673
UY,c,WL,g,X,SB,s,2024,25.5232,25.5232,R_IMF,40.264688
UY,c,WL,g,X,SC,s,2024,783.775111,783.775111,R_IMF,1126.77594
UY,c,WL,g,X,SD,s,2024,2189.462832,2189.462832,R_IMF,2722.976474
UY,c,WL,g,X,SE,s,2024,0,0,R_IMF,44.600203
UY,c,WL,g,X,SF,s,2024,53.707101,53.707101,R_IMF,153.984797
UY,c,WL,g,X,SG,s,2024,346.528605,346.528605,R_IMF,188.012957
UY,c,WL,g,X,SH,s,2024,114.628902,114.628902,R_IMF,110.344126
UY,c,WL,g,X,SI,s,2024,1354.037419,1354.037419,R_IMF,853.569927
UY,c,WL,g,X,SJ,s,2024,1922.733528,1922.733528,R_IMF,1138.597768
UY,c,WL,g,X,SK,s,2024,98.816901,98.816901,R_IMF,132.792775
UY,c,WL,g,X,SL,s,2024,59.108901,59.108901,R_IMF,42.209439
