"Pais";"Year";"Final_value";"Balanced_value";"Reported_value";"origen";"diferencia_pct"
"Argentina";"2005";"6458,06";"5870,21";"6458,06";"Informado por fuente oficial";"-9,10"
"Argentina";"2006";"7911,02";"7068,18";"7911,02";"Informado por fuente oficial";"-10,65"
"Argentina";"2007";"10045,74";"8720,63";"10045,74";"Informado por fuente oficial";"-13,19"
"Argentina";"2008";"11424,15";"10274,21";"11424,15";"Informado por fuente oficial";"-10,07"
"Argentina";"2009";"10544,62";"9365,89";"10544,62";"Informado por fuente oficial";"-11,18"
"Argentina";"2010";"12817,14";"10442,20";"12817,14";"Informado por fuente oficial";"-18,53"
"Argentina";"2011";"14496,98";"11836,91";"14496,98";"Informado por fuente oficial";"-18,35"
"Argentina";"2012";"14247,10";"12050,55";"14247,10";"Informado por fuente oficial";"-15,42"
"Argentina";"2013";"13679,89";"11729,55";"13679,89";"Informado por fuente oficial";"-14,26"
"Argentina";"2014";"13396,37";"11363,85";"13396,37";"Informado por fuente oficial";"-15,17"
"Argentina";"2015";"13213,51";"11703,03";"13213,51";"Informado por fuente oficial";"-11,43"
"Argentina";"2016";"13424,71";"11970,17";"13424,71";"Informado por fuente oficial";"-10,83"
"Argentina";"2017";"15506,20";"13379,43";"15506,20";"Informado por fuente oficial";"-13,72"
"Argentina";"2018";"15342,16";"13337,10";"15342,16";"Informado por fuente oficial";"-13,07"
"Argentina";"2019";"14802,42";"13117,14";"14802,42";"Informado por fuente oficial";"-11,39"
"Argentina";"2020";"9491,74";"8942,91";"9491,74";"Informado por fuente oficial";"-5,78"
"Argentina";"2021";"9588,74";"9322,95";"9588,74";"Informado por fuente oficial";"-2,77"
"Argentina";"2022";"14413,68";"13111,66";"14413,68";"Informado por fuente oficial";"-9,03"
"Argentina";"2023";"16110,57";"14653,64";"16110,57";"Informado por fuente oficial";"-9,04"
"Argentina";"2024";"17122,41";"15314,45";"17122,41";"Informado por fuente oficial";"-10,56"
"Brasil";"2005";"14762,69";"14428,68";"14762,69";"Informado por fuente oficial";"-2,26"
"Brasil";"2006";"17730,53";"17988,78";"17730,53";"Informado por fuente oficial";"1,46"
"Brasil";"2007";"21824,00";"21680,69";"21824,00";"Informado por fuente oficial";"-0,66"
"Brasil";"2008";"27985,43";"28060,43";"27985,43";"Informado por fuente oficial";"0,27"
"Brasil";"2009";"25195,31";"25651,73";"25195,31";"Informado por fuente oficial";"1,81"
"Brasil";"2010";"30060,85";"28934,23";"30060,85";"Informado por fuente oficial";"-3,75"
"Brasil";"2011";"36436,72";"34711,17";"36436,72";"Informado por fuente oficial";"-4,74"
"Brasil";"2012";"38195,68";"35974,82";"38195,68";"Informado por fuente oficial";"-5,81"
"Brasil";"2013";"37630,64";"35841,16";"37630,64";"Informado por fuente oficial";"-4,76"
"Brasil";"2014";"39497,93";"38693,74";"39497,93";"Informado por fuente oficial";"-2,04"
"Brasil";"2015";"33674,74";"35517,64";"33674,74";"Informado por fuente oficial";"5,47"
"Brasil";"2016";"33053,80";"34446,03";"33053,80";"Informado por fuente oficial";"4,21"
"Brasil";"2017";"33257,43";"34891,67";"33257,43";"Informado por fuente oficial";"4,91"
"Brasil";"2018";"34044,41";"35403,90";"34044,41";"Informado por fuente oficial";"3,99"
"Brasil";"2019";"33033,12";"34261,57";"33033,12";"Informado por fuente oficial";"3,72"
"Brasil";"2020";"27513,93";"26552,43";"27513,93";"Informado por fuente oficial";"-3,49"
"Brasil";"2021";"31481,82";"30563,20";"31481,82";"Informado por fuente oficial";"-2,92"
"Brasil";"2022";"40291,25";"39186,00";"40291,25";"Informado por fuente oficial";"-2,74"
"Brasil";"2023";"45372,86";"43204,80";"45372,86";"Informado por fuente oficial";"-4,78"
"Brasil";"2024";"48476,77";"45797,89";"48476,77";"Informado por fuente oficial";"-5,53"
"Chile";"2005";"6658,50";"6280,02";"6658,50";"Informado por fuente oficial";"-5,68"
"Chile";"2006";"7366,10";"7293,84";"7366,10";"Informado por fuente oficial";"-0,98"
"Chile";"2007";"8553,40";"8602,34";"8553,40";"Informado por fuente oficial";"0,57"
"Chile";"2008";"10070,90";"10155,32";"10070,90";"Informado por fuente oficial";"0,84"
"Chile";"2009";"8077,10";"8739,39";"8077,10";"Informado por fuente oficial";"8,20"
"Chile";"2010";"10199,10";"10262,26";"10199,10";"Informado por fuente oficial";"0,62"
"Chile";"2011";"11980,10";"11718,98";"11980,10";"Informado por fuente oficial";"-2,18"
"Chile";"2012";"11302,60";"11793,34";"11302,60";"Informado por fuente oficial";"4,34"
"Chile";"2013";"11086,90";"11647,68";"11086,90";"Informado por fuente oficial";"5,06"
"Chile";"2014";"9744,60";"11579,46";"9744,60";"Informado por fuente oficial";"18,83"
"Chile";"2015";"8557,40";"11019,70";"8557,40";"Informado por fuente oficial";"28,77"
"Chile";"2016";"8600,30";"11349,21";"8600,30";"Informado por fuente oficial";"31,96"
"Chile";"2017";"9193,60";"12633,60";"9193,60";"Informado por fuente oficial";"37,42"
"Chile";"2018";"9225,70";"12726,26";"9225,70";"Informado por fuente oficial";"37,94"
"Chile";"2019";"8462,40";"12453,44";"8462,40";"Informado por fuente oficial";"47,16"
"Chile";"2020";"5554,50";"8183,90";"5554,50";"Informado por fuente oficial";"47,34"
"Chile";"2021";"5972,90";"9396,73";"5972,90";"Informado por fuente oficial";"57,32"
"Chile";"2022";"8529,40";"12761,29";"8529,40";"Informado por fuente oficial";"49,62"
"Chile";"2023";"10136,09";"15627,35";NA;"Estimado por OCDE-OMC";"54,18"
"Chile";"2024";"11743,83";"17587,36";NA;"Estimado por OCDE-OMC";"49,76"
"Uruguay";"2005";"1311,28";"1722,20";"1311,28";"Informado por fuente oficial";"31,34"
"Uruguay";"2006";"1387,43";"2002,94";"1387,43";"Informado por fuente oficial";"44,36"
"Uruguay";"2007";"1833,45";"2473,55";"1833,45";"Informado por fuente oficial";"34,91"
"Uruguay";"2008";"2276,74";"3030,90";"2276,74";"Informado por fuente oficial";"33,12"
"Uruguay";"2009";"2319,66";"2952,66";"2319,66";"Informado por fuente oficial";"27,29"
"Uruguay";"2010";"2688,16";"3445,69";"2688,16";"Informado por fuente oficial";"28,18"
"Uruguay";"2011";"3641,91";"4223,79";"3641,91";"Informado por fuente oficial";"15,98"
"Uruguay";"2012";"5224,12";"4910,63";"5224,12";"Informado por fuente oficial";"-6,00"
"Uruguay";"2013";"5118,97";"4812,87";"5118,97";"Informado por fuente oficial";"-5,98"
"Uruguay";"2014";"4965,05";"4796,75";"4965,05";"Informado por fuente oficial";"-3,39"
"Uruguay";"2015";"5193,80";"4828,35";"5193,80";"Informado por fuente oficial";"-7,04"
"Uruguay";"2016";"4900,84";"4569,13";"4900,84";"Informado por fuente oficial";"-6,77"
"Uruguay";"2017";"5723,30";"5014,92";"5723,30";"Informado por fuente oficial";"-12,38"
"Uruguay";"2018";"5472,63";"5032,67";"5472,63";"Informado por fuente oficial";"-8,04"
"Uruguay";"2019";"5523,82";"4689,73";"5523,82";"Informado por fuente oficial";"-15,10"
"Uruguay";"2020";"3914,92";"3672,80";"3914,92";"Informado por fuente oficial";"-6,18"
"Uruguay";"2021";"4050,08";"3739,56";"4050,08";"Informado por fuente oficial";"-7,67"
"Uruguay";"2022";"5909,13";"5660,86";"5909,13";"Informado por fuente oficial";"-4,20"
"Uruguay";"2023";"6881,67";"6424,31";"6881,67";"Informado por fuente oficial";"-6,65"
"Uruguay";"2024";"6948,32";"6557,33";"6948,32";"Informado por fuente oficial";"-5,63"
