"Pais";"Year";"Item_code";"valor";"total";"participacion";"Servicio"
"Argentina";"2005";"SA";"0,00";"6458,06";"0,00";"Manufactura sobre insumos de terceros"
"Argentina";"2005";"SB";"0,00";"6458,06";"0,00";"Mantenimiento y reparación"
"Argentina";"2005";"SC";"1304,41";"6458,06";"20,20";"Transporte"
"Argentina";"2005";"SD";"2729,10";"6458,06";"42,26";"Viajes"
"Argentina";"2005";"SE";"45,70";"6458,06";"0,71";"Construcción"
"Argentina";"2005";"SF";"0,00";"6458,06";"0,00";"Seguros y pensiones"
"Argentina";"2005";"SG";"3,74";"6458,06";"0,06";"Financieros"
"Argentina";"2005";"SH";"51,08";"6458,06";"0,79";"Propiedad intelectual"
"Argentina";"2005";"SI";"407,86";"6458,06";"6,32";"Telecom., informática e información"
"Argentina";"2005";"SJ";"1597,94";"6458,06";"24,74";"Otros servicios empresariales"
"Argentina";"2005";"SK";"203,02";"6458,06";"3,14";"Personales, culturales y recreativos"
"Argentina";"2005";"SL";"115,21";"6458,06";"1,78";"Bienes y servicios del gobierno"
"Argentina";"2006";"SA";"5,74";"7911,02";"0,07";"Manufactura sobre insumos de terceros"
"Argentina";"2006";"SB";"61,42";"7911,02";"0,78";"Mantenimiento y reparación"
"Argentina";"2006";"SC";"1440,18";"7911,02";"18,20";"Transporte"
"Argentina";"2006";"SD";"3351,27";"7911,02";"42,36";"Viajes"
"Argentina";"2006";"SE";"20,10";"7911,02";"0,25";"Construcción"
"Argentina";"2006";"SF";"9,45";"7911,02";"0,12";"Seguros y pensiones"
"Argentina";"2006";"SG";"118,03";"7911,02";"1,49";"Financieros"
"Argentina";"2006";"SH";"80,51";"7911,02";"1,02";"Propiedad intelectual"
"Argentina";"2006";"SI";"563,43";"7911,02";"7,12";"Telecom., informática e información"
"Argentina";"2006";"SJ";"1897,61";"7911,02";"23,99";"Otros servicios empresariales"
"Argentina";"2006";"SK";"239,20";"7911,02";"3,02";"Personales, culturales y recreativos"
"Argentina";"2006";"SL";"124,05";"7911,02";"1,57";"Bienes y servicios del gobierno"
"Argentina";"2007";"SA";"6,09";"10045,74";"0,06";"Manufactura sobre insumos de terceros"
"Argentina";"2007";"SB";"77,41";"10045,74";"0,77";"Mantenimiento y reparación"
"Argentina";"2007";"SC";"1715,24";"10045,74";"17,07";"Transporte"
"Argentina";"2007";"SD";"4325,19";"10045,74";"43,05";"Viajes"
"Argentina";"2007";"SE";"38,39";"10045,74";"0,38";"Construcción"
"Argentina";"2007";"SF";"9,53";"10045,74";"0,09";"Seguros y pensiones"
"Argentina";"2007";"SG";"156,83";"10045,74";"1,56";"Financieros"
"Argentina";"2007";"SH";"96,69";"10045,74";"0,96";"Propiedad intelectual"
"Argentina";"2007";"SI";"806,87";"10045,74";"8,03";"Telecom., informática e información"
"Argentina";"2007";"SJ";"2401,83";"10045,74";"23,91";"Otros servicios empresariales"
"Argentina";"2007";"SK";"281,38";"10045,74";"2,80";"Personales, culturales y recreativos"
"Argentina";"2007";"SL";"130,28";"10045,74";"1,30";"Bienes y servicios del gobierno"
"Argentina";"2008";"SA";"9,09";"11424,15";"0,08";"Manufactura sobre insumos de terceros"
"Argentina";"2008";"SB";"102,42";"11424,15";"0,90";"Mantenimiento y reparación"
"Argentina";"2008";"SC";"1734,59";"11424,15";"15,18";"Transporte"
"Argentina";"2008";"SD";"4664,07";"11424,15";"40,83";"Viajes"
"Argentina";"2008";"SE";"19,17";"11424,15";"0,17";"Construcción"
"Argentina";"2008";"SF";"11,95";"11424,15";"0,10";"Seguros y pensiones"
"Argentina";"2008";"SG";"157,75";"11424,15";"1,38";"Financieros"
"Argentina";"2008";"SH";"99,37";"11424,15";"0,87";"Propiedad intelectual"
"Argentina";"2008";"SI";"1103,56";"11424,15";"9,66";"Telecom., informática e información"
"Argentina";"2008";"SJ";"3019,93";"11424,15";"26,43";"Otros servicios empresariales"
"Argentina";"2008";"SK";"350,90";"11424,15";"3,07";"Personales, culturales y recreativos"
"Argentina";"2008";"SL";"151,34";"11424,15";"1,32";"Bienes y servicios del gobierno"
"Argentina";"2009";"SA";"5,48";"10544,62";"0,05";"Manufactura sobre insumos de terceros"
"Argentina";"2009";"SB";"112,13";"10544,62";"1,06";"Mantenimiento y reparación"
"Argentina";"2009";"SC";"1526,62";"10544,62";"14,48";"Transporte"
"Argentina";"2009";"SD";"3988,86";"10544,62";"37,83";"Viajes"
"Argentina";"2009";"SE";"6,24";"10544,62";"0,06";"Construcción"
"Argentina";"2009";"SF";"15,14";"10544,62";"0,14";"Seguros y pensiones"
"Argentina";"2009";"SG";"106,88";"10544,62";"1,01";"Financieros"
"Argentina";"2009";"SH";"105,97";"10544,62";"1,00";"Propiedad intelectual"
"Argentina";"2009";"SI";"1187,84";"10544,62";"11,26";"Telecom., informática e información"
"Argentina";"2009";"SJ";"3056,52";"10544,62";"28,99";"Otros servicios empresariales"
"Argentina";"2009";"SK";"297,33";"10544,62";"2,82";"Personales, culturales y recreativos"
"Argentina";"2009";"SL";"135,62";"10544,62";"1,29";"Bienes y servicios del gobierno"
"Argentina";"2010";"SA";"3,86";"12817,14";"0,03";"Manufactura sobre insumos de terceros"
"Argentina";"2010";"SB";"120,03";"12817,14";"0,94";"Mantenimiento y reparación"
"Argentina";"2010";"SC";"1977,06";"12817,14";"15,43";"Transporte"
"Argentina";"2010";"SD";"4989,21";"12817,14";"38,93";"Viajes"
"Argentina";"2010";"SE";"14,71";"12817,14";"0,11";"Construcción"
"Argentina";"2010";"SF";"21,24";"12817,14";"0,17";"Seguros y pensiones"
"Argentina";"2010";"SG";"170,48";"12817,14";"1,33";"Financieros"
"Argentina";"2010";"SH";"152,19";"12817,14";"1,19";"Propiedad intelectual"
"Argentina";"2010";"SI";"1410,14";"12817,14";"11,00";"Telecom., informática e información"
"Argentina";"2010";"SJ";"3464,54";"12817,14";"27,03";"Otros servicios empresariales"
"Argentina";"2010";"SK";"307,97";"12817,14";"2,40";"Personales, culturales y recreativos"
"Argentina";"2010";"SL";"185,73";"12817,14";"1,45";"Bienes y servicios del gobierno"
"Argentina";"2011";"SA";"4,81";"14496,98";"0,03";"Manufactura sobre insumos de terceros"
"Argentina";"2011";"SB";"139,02";"14496,98";"0,96";"Mantenimiento y reparación"
"Argentina";"2011";"SC";"2146,42";"14496,98";"14,81";"Transporte"
"Argentina";"2011";"SD";"5430,95";"14496,98";"37,46";"Viajes"
"Argentina";"2011";"SE";"9,15";"14496,98";"0,06";"Construcción"
"Argentina";"2011";"SF";"28,87";"14496,98";"0,20";"Seguros y pensiones"
"Argentina";"2011";"SG";"101,35";"14496,98";"0,70";"Financieros"
"Argentina";"2011";"SH";"155,40";"14496,98";"1,07";"Propiedad intelectual"
"Argentina";"2011";"SI";"1800,88";"14496,98";"12,42";"Telecom., informática e información"
"Argentina";"2011";"SJ";"4129,44";"14496,98";"28,48";"Otros servicios empresariales"
"Argentina";"2011";"SK";"349,46";"14496,98";"2,41";"Personales, culturales y recreativos"
"Argentina";"2011";"SL";"201,23";"14496,98";"1,39";"Bienes y servicios del gobierno"
"Argentina";"2012";"SA";"4,25";"14247,10";"0,03";"Manufactura sobre insumos de terceros"
"Argentina";"2012";"SB";"142,89";"14247,10";"1,00";"Mantenimiento y reparación"
"Argentina";"2012";"SC";"2304,11";"14247,10";"16,17";"Transporte"
"Argentina";"2012";"SD";"5013,73";"14247,10";"35,19";"Viajes"
"Argentina";"2012";"SE";"14,38";"14247,10";"0,10";"Construcción"
"Argentina";"2012";"SF";"25,37";"14247,10";"0,18";"Seguros y pensiones"
"Argentina";"2012";"SG";"100,95";"14247,10";"0,71";"Financieros"
"Argentina";"2012";"SH";"158,15";"14247,10";"1,11";"Propiedad intelectual"
"Argentina";"2012";"SI";"1754,22";"14247,10";"12,31";"Telecom., informática e información"
"Argentina";"2012";"SJ";"4259,62";"14247,10";"29,90";"Otros servicios empresariales"
"Argentina";"2012";"SK";"270,01";"14247,10";"1,90";"Personales, culturales y recreativos"
"Argentina";"2012";"SL";"199,41";"14247,10";"1,40";"Bienes y servicios del gobierno"
"Argentina";"2013";"SA";"3,12";"13679,89";"0,02";"Manufactura sobre insumos de terceros"
"Argentina";"2013";"SB";"126,81";"13679,89";"0,93";"Mantenimiento y reparación"
"Argentina";"2013";"SC";"2511,35";"13679,89";"18,36";"Transporte"
"Argentina";"2013";"SD";"4524,64";"13679,89";"33,08";"Viajes"
"Argentina";"2013";"SE";"1,89";"13679,89";"0,01";"Construcción"
"Argentina";"2013";"SF";"24,79";"13679,89";"0,18";"Seguros y pensiones"
"Argentina";"2013";"SG";"81,18";"13679,89";"0,59";"Financieros"
"Argentina";"2013";"SH";"179,90";"13679,89";"1,32";"Propiedad intelectual"
"Argentina";"2013";"SI";"1730,27";"13679,89";"12,65";"Telecom., informática e información"
"Argentina";"2013";"SJ";"4057,98";"13679,89";"29,66";"Otros servicios empresariales"
"Argentina";"2013";"SK";"245,20";"13679,89";"1,79";"Personales, culturales y recreativos"
"Argentina";"2013";"SL";"192,75";"13679,89";"1,41";"Bienes y servicios del gobierno"
"Argentina";"2014";"SA";"4,72";"13396,37";"0,04";"Manufactura sobre insumos de terceros"
"Argentina";"2014";"SB";"110,21";"13396,37";"0,82";"Mantenimiento y reparación"
"Argentina";"2014";"SC";"2455,74";"13396,37";"18,33";"Transporte"
"Argentina";"2014";"SD";"4960,05";"13396,37";"37,03";"Viajes"
"Argentina";"2014";"SE";"2,65";"13396,37";"0,02";"Construcción"
"Argentina";"2014";"SF";"27,28";"13396,37";"0,20";"Seguros y pensiones"
"Argentina";"2014";"SG";"60,18";"13396,37";"0,45";"Financieros"
"Argentina";"2014";"SH";"174,21";"13396,37";"1,30";"Propiedad intelectual"
"Argentina";"2014";"SI";"1443,46";"13396,37";"10,78";"Telecom., informática e información"
"Argentina";"2014";"SJ";"3739,98";"13396,37";"27,92";"Otros servicios empresariales"
"Argentina";"2014";"SK";"211,36";"13396,37";"1,58";"Personales, culturales y recreativos"
"Argentina";"2014";"SL";"206,53";"13396,37";"1,54";"Bienes y servicios del gobierno"
"Argentina";"2015";"SA";"3,06";"13213,51";"0,02";"Manufactura sobre insumos de terceros"
"Argentina";"2015";"SB";"101,44";"13213,51";"0,77";"Mantenimiento y reparación"
"Argentina";"2015";"SC";"2329,78";"13213,51";"17,63";"Transporte"
"Argentina";"2015";"SD";"4926,95";"13213,51";"37,29";"Viajes"
"Argentina";"2015";"SE";"9,11";"13213,51";"0,07";"Construcción"
"Argentina";"2015";"SF";"25,06";"13213,51";"0,19";"Seguros y pensiones"
"Argentina";"2015";"SG";"57,05";"13213,51";"0,43";"Financieros"
"Argentina";"2015";"SH";"161,75";"13213,51";"1,22";"Propiedad intelectual"
"Argentina";"2015";"SI";"1473,50";"13213,51";"11,15";"Telecom., informática e información"
"Argentina";"2015";"SJ";"3688,36";"13213,51";"27,91";"Otros servicios empresariales"
"Argentina";"2015";"SK";"229,48";"13213,51";"1,74";"Personales, culturales y recreativos"
"Argentina";"2015";"SL";"207,97";"13213,51";"1,57";"Bienes y servicios del gobierno"
"Argentina";"2016";"SA";"1,61";"13424,71";"0,01";"Manufactura sobre insumos de terceros"
"Argentina";"2016";"SB";"95,88";"13424,71";"0,71";"Mantenimiento y reparación"
"Argentina";"2016";"SC";"2022,38";"13424,71";"15,06";"Transporte"
"Argentina";"2016";"SD";"4966,91";"13424,71";"37,00";"Viajes"
"Argentina";"2016";"SE";"1,57";"13424,71";"0,01";"Construcción"
"Argentina";"2016";"SF";"36,71";"13424,71";"0,27";"Seguros y pensiones"
"Argentina";"2016";"SG";"91,47";"13424,71";"0,68";"Financieros"
"Argentina";"2016";"SH";"168,81";"13424,71";"1,26";"Propiedad intelectual"
"Argentina";"2016";"SI";"1634,17";"13424,71";"12,17";"Telecom., informática e información"
"Argentina";"2016";"SJ";"3966,29";"13424,71";"29,54";"Otros servicios empresariales"
"Argentina";"2016";"SK";"256,56";"13424,71";"1,91";"Personales, culturales y recreativos"
"Argentina";"2016";"SL";"182,36";"13424,71";"1,36";"Bienes y servicios del gobierno"
"Argentina";"2017";"SA";"5,56";"15506,20";"0,04";"Manufactura sobre insumos de terceros"
"Argentina";"2017";"SB";"92,41";"15506,20";"0,60";"Mantenimiento y reparación"
"Argentina";"2017";"SC";"1926,82";"15506,20";"12,43";"Transporte"
"Argentina";"2017";"SD";"5369,62";"15506,20";"34,63";"Viajes"
"Argentina";"2017";"SE";"4,35";"15506,20";"0,03";"Construcción"
"Argentina";"2017";"SF";"41,41";"15506,20";"0,27";"Seguros y pensiones"
"Argentina";"2017";"SG";"140,72";"15506,20";"0,91";"Financieros"
"Argentina";"2017";"SH";"356,50";"15506,20";"2,30";"Propiedad intelectual"
"Argentina";"2017";"SI";"2227,69";"15506,20";"14,37";"Telecom., informática e información"
"Argentina";"2017";"SJ";"4647,73";"15506,20";"29,97";"Otros servicios empresariales"
"Argentina";"2017";"SK";"461,29";"15506,20";"2,97";"Personales, culturales y recreativos"
"Argentina";"2017";"SL";"232,10";"15506,20";"1,50";"Bienes y servicios del gobierno"
"Argentina";"2018";"SA";"0,53";"15342,16";"0,00";"Manufactura sobre insumos de terceros"
"Argentina";"2018";"SB";"130,34";"15342,16";"0,85";"Mantenimiento y reparación"
"Argentina";"2018";"SC";"1935,96";"15342,16";"12,62";"Transporte"
"Argentina";"2018";"SD";"5562,81";"15342,16";"36,26";"Viajes"
"Argentina";"2018";"SE";"0,00";"15342,16";"0,00";"Construcción"
"Argentina";"2018";"SF";"44,44";"15342,16";"0,29";"Seguros y pensiones"
"Argentina";"2018";"SG";"195,49";"15342,16";"1,27";"Financieros"
"Argentina";"2018";"SH";"321,05";"15342,16";"2,09";"Propiedad intelectual"
"Argentina";"2018";"SI";"2240,25";"15342,16";"14,60";"Telecom., informática e información"
"Argentina";"2018";"SJ";"4220,58";"15342,16";"27,51";"Otros servicios empresariales"
"Argentina";"2018";"SK";"473,67";"15342,16";"3,09";"Personales, culturales y recreativos"
"Argentina";"2018";"SL";"217,03";"15342,16";"1,41";"Bienes y servicios del gobierno"
"Argentina";"2019";"SA";"0,00";"14802,42";"0,00";"Manufactura sobre insumos de terceros"
"Argentina";"2019";"SB";"116,96";"14802,42";"0,79";"Mantenimiento y reparación"
"Argentina";"2019";"SC";"1920,95";"14802,42";"12,98";"Transporte"
"Argentina";"2019";"SD";"5240,66";"14802,42";"35,40";"Viajes"
"Argentina";"2019";"SE";"0,28";"14802,42";"0,00";"Construcción"
"Argentina";"2019";"SF";"45,26";"14802,42";"0,31";"Seguros y pensiones"
"Argentina";"2019";"SG";"198,11";"14802,42";"1,34";"Financieros"
"Argentina";"2019";"SH";"284,49";"14802,42";"1,92";"Propiedad intelectual"
"Argentina";"2019";"SI";"2090,39";"14802,42";"14,12";"Telecom., informática e información"
"Argentina";"2019";"SJ";"4260,70";"14802,42";"28,78";"Otros servicios empresariales"
"Argentina";"2019";"SK";"452,81";"14802,42";"3,06";"Personales, culturales y recreativos"
"Argentina";"2019";"SL";"191,82";"14802,42";"1,30";"Bienes y servicios del gobierno"
"Argentina";"2020";"SA";"0,00";"9491,74";"0,00";"Manufactura sobre insumos de terceros"
"Argentina";"2020";"SB";"65,26";"9491,74";"0,69";"Mantenimiento y reparación"
"Argentina";"2020";"SC";"1250,22";"9491,74";"13,17";"Transporte"
"Argentina";"2020";"SD";"1727,47";"9491,74";"18,20";"Viajes"
"Argentina";"2020";"SE";"0,90";"9491,74";"0,01";"Construcción"
"Argentina";"2020";"SF";"34,66";"9491,74";"0,37";"Seguros y pensiones"
"Argentina";"2020";"SG";"184,53";"9491,74";"1,94";"Financieros"
"Argentina";"2020";"SH";"209,35";"9491,74";"2,21";"Propiedad intelectual"
"Argentina";"2020";"SI";"1992,58";"9491,74";"20,99";"Telecom., informática e información"
"Argentina";"2020";"SJ";"3536,77";"9491,74";"37,26";"Otros servicios empresariales"
"Argentina";"2020";"SK";"324,06";"9491,74";"3,41";"Personales, culturales y recreativos"
"Argentina";"2020";"SL";"165,93";"9491,74";"1,75";"Bienes y servicios del gobierno"
"Argentina";"2021";"SA";"0,00";"9588,74";"0,00";"Manufactura sobre insumos de terceros"
"Argentina";"2021";"SB";"69,83";"9588,74";"0,73";"Mantenimiento y reparación"
"Argentina";"2021";"SC";"1687,64";"9588,74";"17,60";"Transporte"
"Argentina";"2021";"SD";"394,20";"9588,74";"4,11";"Viajes"
"Argentina";"2021";"SE";"0,18";"9588,74";"0,00";"Construcción"
"Argentina";"2021";"SF";"37,16";"9588,74";"0,39";"Seguros y pensiones"
"Argentina";"2021";"SG";"148,97";"9588,74";"1,55";"Financieros"
"Argentina";"2021";"SH";"245,92";"9588,74";"2,56";"Propiedad intelectual"
"Argentina";"2021";"SI";"2360,13";"9588,74";"24,61";"Telecom., informática e información"
"Argentina";"2021";"SJ";"4065,92";"9588,74";"42,40";"Otros servicios empresariales"
"Argentina";"2021";"SK";"394,97";"9588,74";"4,12";"Personales, culturales y recreativos"
"Argentina";"2021";"SL";"183,81";"9588,74";"1,92";"Bienes y servicios del gobierno"
"Argentina";"2022";"SA";"0,00";"14413,68";"0,00";"Manufactura sobre insumos de terceros"
"Argentina";"2022";"SB";"57,78";"14413,68";"0,40";"Mantenimiento y reparación"
"Argentina";"2022";"SC";"2175,74";"14413,68";"15,09";"Transporte"
"Argentina";"2022";"SD";"3473,52";"14413,68";"24,10";"Viajes"
"Argentina";"2022";"SE";"0,41";"14413,68";"0,00";"Construcción"
"Argentina";"2022";"SF";"46,82";"14413,68";"0,32";"Seguros y pensiones"
"Argentina";"2022";"SG";"194,83";"14413,68";"1,35";"Financieros"
"Argentina";"2022";"SH";"255,30";"14413,68";"1,77";"Propiedad intelectual"
"Argentina";"2022";"SI";"2714,65";"14413,68";"18,83";"Telecom., informática e información"
"Argentina";"2022";"SJ";"4873,68";"14413,68";"33,81";"Otros servicios empresariales"
"Argentina";"2022";"SK";"431,20";"14413,68";"2,99";"Personales, culturales y recreativos"
"Argentina";"2022";"SL";"189,75";"14413,68";"1,32";"Bienes y servicios del gobierno"
"Argentina";"2023";"SA";"0,00";"16110,57";"0,00";"Manufactura sobre insumos de terceros"
"Argentina";"2023";"SB";"70,87";"16110,57";"0,44";"Mantenimiento y reparación"
"Argentina";"2023";"SC";"1978,72";"16110,57";"12,28";"Transporte"
"Argentina";"2023";"SD";"5486,32";"16110,57";"34,05";"Viajes"
"Argentina";"2023";"SE";"17,57";"16110,57";"0,11";"Construcción"
"Argentina";"2023";"SF";"44,46";"16110,57";"0,28";"Seguros y pensiones"
"Argentina";"2023";"SG";"183,07";"16110,57";"1,14";"Financieros"
"Argentina";"2023";"SH";"250,59";"16110,57";"1,56";"Propiedad intelectual"
"Argentina";"2023";"SI";"2449,01";"16110,57";"15,20";"Telecom., informática e información"
"Argentina";"2023";"SJ";"5082,84";"16110,57";"31,55";"Otros servicios empresariales"
"Argentina";"2023";"SK";"356,41";"16110,57";"2,21";"Personales, culturales y recreativos"
"Argentina";"2023";"SL";"190,70";"16110,57";"1,18";"Bienes y servicios del gobierno"
"Argentina";"2024";"SA";"0,00";"17122,41";"0,00";"Manufactura sobre insumos de terceros"
"Argentina";"2024";"SB";"91,45";"17122,41";"0,53";"Mantenimiento y reparación"
"Argentina";"2024";"SC";"2197,37";"17122,41";"12,83";"Transporte"
"Argentina";"2024";"SD";"4959,24";"17122,41";"28,96";"Viajes"
"Argentina";"2024";"SE";"13,90";"17122,41";"0,08";"Construcción"
"Argentina";"2024";"SF";"53,92";"17122,41";"0,31";"Seguros y pensiones"
"Argentina";"2024";"SG";"185,37";"17122,41";"1,08";"Financieros"
"Argentina";"2024";"SH";"280,30";"17122,41";"1,64";"Propiedad intelectual"
"Argentina";"2024";"SI";"2810,03";"17122,41";"16,41";"Telecom., informática e información"
"Argentina";"2024";"SJ";"5916,54";"17122,41";"34,55";"Otros servicios empresariales"
"Argentina";"2024";"SK";"369,64";"17122,41";"2,16";"Personales, culturales y recreativos"
"Argentina";"2024";"SL";"244,65";"17122,41";"1,43";"Bienes y servicios del gobierno"
"Brasil";"2005";"SA";"0,00";"14762,69";"0,00";"Manufactura sobre insumos de terceros"
"Brasil";"2005";"SB";"6,44";"14762,69";"0,04";"Mantenimiento y reparación"
"Brasil";"2005";"SC";"2605,62";"14762,69";"17,65";"Transporte"
"Brasil";"2005";"SD";"3861,44";"14762,69";"26,16";"Viajes"
"Brasil";"2005";"SE";"8,03";"14762,69";"0,05";"Construcción"
"Brasil";"2005";"SF";"134,15";"14762,69";"0,91";"Seguros y pensiones"
"Brasil";"2005";"SG";"507,17";"14762,69";"3,44";"Financieros"
"Brasil";"2005";"SH";"101,66";"14762,69";"0,69";"Propiedad intelectual"
"Brasil";"2005";"SI";"319,36";"14762,69";"2,16";"Telecom., informática e información"
"Brasil";"2005";"SJ";"5971,20";"14762,69";"40,45";"Otros servicios empresariales"
"Brasil";"2005";"SK";"55,80";"14762,69";"0,38";"Personales, culturales y recreativos"
"Brasil";"2005";"SL";"1191,82";"14762,69";"8,07";"Bienes y servicios del gobierno"
"Brasil";"2006";"SA";"0,00";"17730,53";"0,00";"Manufactura sobre insumos de terceros"
"Brasil";"2006";"SB";"8,08";"17730,53";"0,05";"Mantenimiento y reparación"
"Brasil";"2006";"SC";"2797,81";"17730,53";"15,78";"Transporte"
"Brasil";"2006";"SD";"4315,88";"17730,53";"24,34";"Viajes"
"Brasil";"2006";"SE";"22,55";"17730,53";"0,13";"Construcción"
"Brasil";"2006";"SF";"324,46";"17730,53";"1,83";"Seguros y pensiones"
"Brasil";"2006";"SG";"751,04";"17730,53";"4,24";"Financieros"
"Brasil";"2006";"SH";"150,31";"17730,53";"0,85";"Propiedad intelectual"
"Brasil";"2006";"SI";"291,15";"17730,53";"1,64";"Telecom., informática e información"
"Brasil";"2006";"SJ";"7471,28";"17730,53";"42,14";"Otros servicios empresariales"
"Brasil";"2006";"SK";"81,25";"17730,53";"0,46";"Personales, culturales y recreativos"
"Brasil";"2006";"SL";"1516,72";"17730,53";"8,55";"Bienes y servicios del gobierno"
"Brasil";"2007";"SA";"0,00";"21824,00";"0,00";"Manufactura sobre insumos de terceros"
"Brasil";"2007";"SB";"7,74";"21824,00";"0,04";"Mantenimiento y reparación"
"Brasil";"2007";"SC";"3215,41";"21824,00";"14,73";"Transporte"
"Brasil";"2007";"SD";"4952,96";"21824,00";"22,70";"Viajes"
"Brasil";"2007";"SE";"16,62";"21824,00";"0,08";"Construcción"
"Brasil";"2007";"SF";"542,82";"21824,00";"2,49";"Seguros y pensiones"
"Brasil";"2007";"SG";"1090,05";"21824,00";"4,99";"Financieros"
"Brasil";"2007";"SH";"319,41";"21824,00";"1,46";"Propiedad intelectual"
"Brasil";"2007";"SI";"419,44";"21824,00";"1,92";"Telecom., informática e información"
"Brasil";"2007";"SJ";"9846,68";"21824,00";"45,12";"Otros servicios empresariales"
"Brasil";"2007";"SK";"73,31";"21824,00";"0,34";"Personales, culturales y recreativos"
"Brasil";"2007";"SL";"1339,55";"21824,00";"6,14";"Bienes y servicios del gobierno"
"Brasil";"2008";"SA";"0,00";"27985,43";"0,00";"Manufactura sobre insumos de terceros"
"Brasil";"2008";"SB";"12,28";"27985,43";"0,04";"Mantenimiento y reparación"
"Brasil";"2008";"SC";"4512,95";"27985,43";"16,13";"Transporte"
"Brasil";"2008";"SD";"5785,03";"27985,43";"20,67";"Viajes"
"Brasil";"2008";"SE";"22,86";"27985,43";"0,08";"Construcción"
"Brasil";"2008";"SF";"828,09";"27985,43";"2,96";"Seguros y pensiones"
"Brasil";"2008";"SG";"1237,58";"27985,43";"4,42";"Financieros"
"Brasil";"2008";"SH";"465,44";"27985,43";"1,66";"Propiedad intelectual"
"Brasil";"2008";"SI";"640,65";"27985,43";"2,29";"Telecom., informática e información"
"Brasil";"2008";"SJ";"12765,69";"27985,43";"45,62";"Otros servicios empresariales"
"Brasil";"2008";"SK";"86,39";"27985,43";"0,31";"Personales, culturales y recreativos"
"Brasil";"2008";"SL";"1628,47";"27985,43";"5,82";"Bienes y servicios del gobierno"
"Brasil";"2009";"SA";"0,00";"25195,31";"0,00";"Manufactura sobre insumos de terceros"
"Brasil";"2009";"SB";"20,61";"25195,31";"0,08";"Mantenimiento y reparación"
"Brasil";"2009";"SC";"3152,57";"25195,31";"12,51";"Transporte"
"Brasil";"2009";"SD";"5304,56";"25195,31";"21,05";"Viajes"
"Brasil";"2009";"SE";"14,27";"25195,31";"0,06";"Construcción"
"Brasil";"2009";"SF";"372,62";"25195,31";"1,48";"Seguros y pensiones"
"Brasil";"2009";"SG";"1570,39";"25195,31";"6,23";"Financieros"
"Brasil";"2009";"SH";"433,81";"25195,31";"1,72";"Propiedad intelectual"
"Brasil";"2009";"SI";"537,91";"25195,31";"2,13";"Telecom., informática e información"
"Brasil";"2009";"SJ";"12224,95";"25195,31";"48,52";"Otros servicios empresariales"
"Brasil";"2009";"SK";"80,43";"25195,31";"0,32";"Personales, culturales y recreativos"
"Brasil";"2009";"SL";"1483,19";"25195,31";"5,89";"Bienes y servicios del gobierno"
"Brasil";"2010";"SA";"0,00";"30060,85";"0,00";"Manufactura sobre insumos de terceros"
"Brasil";"2010";"SB";"346,85";"30060,85";"1,15";"Mantenimiento y reparación"
"Brasil";"2010";"SC";"3745,47";"30060,85";"12,46";"Transporte"
"Brasil";"2010";"SD";"5261,03";"30060,85";"17,50";"Viajes"
"Brasil";"2010";"SE";"0,00";"30060,85";"0,00";"Construcción"
"Brasil";"2010";"SF";"416,03";"30060,85";"1,38";"Seguros y pensiones"
"Brasil";"2010";"SG";"1699,37";"30060,85";"5,65";"Financieros"
"Brasil";"2010";"SH";"189,61";"30060,85";"0,63";"Propiedad intelectual"
"Brasil";"2010";"SI";"611,18";"30060,85";"2,03";"Telecom., informática e información"
"Brasil";"2010";"SJ";"13905,60";"30060,85";"46,26";"Otros servicios empresariales"
"Brasil";"2010";"SK";"2358,63";"30060,85";"7,85";"Personales, culturales y recreativos"
"Brasil";"2010";"SL";"1527,09";"30060,85";"5,08";"Bienes y servicios del gobierno"
"Brasil";"2011";"SA";"0,00";"36436,72";"0,00";"Manufactura sobre insumos de terceros"
"Brasil";"2011";"SB";"499,30";"36436,72";"1,37";"Mantenimiento y reparación"
"Brasil";"2011";"SC";"4415,51";"36436,72";"12,12";"Transporte"
"Brasil";"2011";"SD";"6094,69";"36436,72";"16,73";"Viajes"
"Brasil";"2011";"SE";"0,00";"36436,72";"0,00";"Construcción"
"Brasil";"2011";"SF";"504,57";"36436,72";"1,38";"Seguros y pensiones"
"Brasil";"2011";"SG";"2477,62";"36436,72";"6,80";"Financieros"
"Brasil";"2011";"SH";"300,80";"36436,72";"0,83";"Propiedad intelectual"
"Brasil";"2011";"SI";"523,45";"36436,72";"1,44";"Telecom., informática e información"
"Brasil";"2011";"SJ";"17125,95";"36436,72";"47,00";"Otros servicios empresariales"
"Brasil";"2011";"SK";"2720,74";"36436,72";"7,47";"Personales, culturales y recreativos"
"Brasil";"2011";"SL";"1774,09";"36436,72";"4,87";"Bienes y servicios del gobierno"
"Brasil";"2012";"SA";"0,00";"38195,68";"0,00";"Manufactura sobre insumos de terceros"
"Brasil";"2012";"SB";"384,69";"38195,68";"1,01";"Mantenimiento y reparación"
"Brasil";"2012";"SC";"4142,61";"38195,68";"10,85";"Transporte"
"Brasil";"2012";"SD";"6378,06";"38195,68";"16,70";"Viajes"
"Brasil";"2012";"SE";"0,00";"38195,68";"0,00";"Construcción"
"Brasil";"2012";"SF";"540,70";"38195,68";"1,42";"Seguros y pensiones"
"Brasil";"2012";"SG";"2459,94";"38195,68";"6,44";"Financieros"
"Brasil";"2012";"SH";"276,42";"38195,68";"0,72";"Propiedad intelectual"
"Brasil";"2012";"SI";"731,70";"38195,68";"1,92";"Telecom., informática e información"
"Brasil";"2012";"SJ";"18581,67";"38195,68";"48,65";"Otros servicios empresariales"
"Brasil";"2012";"SK";"2957,26";"38195,68";"7,74";"Personales, culturales y recreativos"
"Brasil";"2012";"SL";"1742,62";"38195,68";"4,56";"Bienes y servicios del gobierno"
"Brasil";"2013";"SA";"0,00";"37630,64";"0,00";"Manufactura sobre insumos de terceros"
"Brasil";"2013";"SB";"525,63";"37630,64";"1,40";"Mantenimiento y reparación"
"Brasil";"2013";"SC";"4152,16";"37630,64";"11,03";"Transporte"
"Brasil";"2013";"SD";"6473,99";"37630,64";"17,20";"Viajes"
"Brasil";"2013";"SE";"0,00";"37630,64";"0,00";"Construcción"
"Brasil";"2013";"SF";"472,86";"37630,64";"1,26";"Seguros y pensiones"
"Brasil";"2013";"SG";"2742,62";"37630,64";"7,29";"Financieros"
"Brasil";"2013";"SH";"368,13";"37630,64";"0,98";"Propiedad intelectual"
"Brasil";"2013";"SI";"707,88";"37630,64";"1,88";"Telecom., informática e información"
"Brasil";"2013";"SJ";"17773,87";"37630,64";"47,23";"Otros servicios empresariales"
"Brasil";"2013";"SK";"2745,24";"37630,64";"7,30";"Personales, culturales y recreativos"
"Brasil";"2013";"SL";"1668,27";"37630,64";"4,43";"Bienes y servicios del gobierno"
"Brasil";"2014";"SA";"17,64";"39497,93";"0,04";"Manufactura sobre insumos de terceros"
"Brasil";"2014";"SB";"773,76";"39497,93";"1,96";"Mantenimiento y reparación"
"Brasil";"2014";"SC";"4619,34";"39497,93";"11,70";"Transporte"
"Brasil";"2014";"SD";"6842,63";"39497,93";"17,32";"Viajes"
"Brasil";"2014";"SE";"288,27";"39497,93";"0,73";"Construcción"
"Brasil";"2014";"SF";"668,79";"39497,93";"1,69";"Seguros y pensiones"
"Brasil";"2014";"SG";"1175,70";"39497,93";"2,98";"Financieros"
"Brasil";"2014";"SH";"375,10";"39497,93";"0,95";"Propiedad intelectual"
"Brasil";"2014";"SI";"1446,46";"39497,93";"3,66";"Telecom., informática e información"
"Brasil";"2014";"SJ";"21690,94";"39497,93";"54,92";"Otros servicios empresariales"
"Brasil";"2014";"SK";"680,67";"39497,93";"1,72";"Personales, culturales y recreativos"
"Brasil";"2014";"SL";"918,64";"39497,93";"2,33";"Bienes y servicios del gobierno"
"Brasil";"2015";"SA";"3,27";"33674,74";"0,01";"Manufactura sobre insumos de terceros"
"Brasil";"2015";"SB";"913,06";"33674,74";"2,71";"Mantenimiento y reparación"
"Brasil";"2015";"SC";"3976,84";"33674,74";"11,81";"Transporte"
"Brasil";"2015";"SD";"5843,95";"33674,74";"17,35";"Viajes"
"Brasil";"2015";"SE";"52,72";"33674,74";"0,16";"Construcción"
"Brasil";"2015";"SF";"987,55";"33674,74";"2,93";"Seguros y pensiones"
"Brasil";"2015";"SG";"742,37";"33674,74";"2,20";"Financieros"
"Brasil";"2015";"SH";"581,08";"33674,74";"1,73";"Propiedad intelectual"
"Brasil";"2015";"SI";"1571,48";"33674,74";"4,67";"Telecom., informática e información"
"Brasil";"2015";"SJ";"17900,11";"33674,74";"53,16";"Otros servicios empresariales"
"Brasil";"2015";"SK";"313,69";"33674,74";"0,93";"Personales, culturales y recreativos"
"Brasil";"2015";"SL";"788,62";"33674,74";"2,34";"Bienes y servicios del gobierno"
"Brasil";"2016";"SA";"5,51";"33053,80";"0,02";"Manufactura sobre insumos de terceros"
"Brasil";"2016";"SB";"795,62";"33053,80";"2,41";"Mantenimiento y reparación"
"Brasil";"2016";"SC";"4029,86";"33053,80";"12,19";"Transporte"
"Brasil";"2016";"SD";"6023,80";"33053,80";"18,22";"Viajes"
"Brasil";"2016";"SE";"41,23";"33053,80";"0,12";"Construcción"
"Brasil";"2016";"SF";"783,65";"33053,80";"2,37";"Seguros y pensiones"
"Brasil";"2016";"SG";"739,09";"33053,80";"2,24";"Financieros"
"Brasil";"2016";"SH";"650,83";"33053,80";"1,97";"Propiedad intelectual"
"Brasil";"2016";"SI";"1803,76";"33053,80";"5,46";"Telecom., informática e información"
"Brasil";"2016";"SJ";"16880,30";"33053,80";"51,07";"Otros servicios empresariales"
"Brasil";"2016";"SK";"567,56";"33053,80";"1,72";"Personales, culturales y recreativos"
"Brasil";"2016";"SL";"732,59";"33053,80";"2,22";"Bienes y servicios del gobierno"
"Brasil";"2017";"SA";"6,83";"33257,43";"0,02";"Manufactura sobre insumos de terceros"
"Brasil";"2017";"SB";"464,16";"33257,43";"1,40";"Mantenimiento y reparación"
"Brasil";"2017";"SC";"4569,14";"33257,43";"13,74";"Transporte"
"Brasil";"2017";"SD";"5809,21";"33257,43";"17,47";"Viajes"
"Brasil";"2017";"SE";"14,45";"33257,43";"0,04";"Construcción"
"Brasil";"2017";"SF";"687,81";"33257,43";"2,07";"Seguros y pensiones"
"Brasil";"2017";"SG";"679,07";"33257,43";"2,04";"Financieros"
"Brasil";"2017";"SH";"642,16";"33257,43";"1,93";"Propiedad intelectual"
"Brasil";"2017";"SI";"2186,20";"33257,43";"6,57";"Telecom., informática e información"
"Brasil";"2017";"SJ";"17083,53";"33257,43";"51,37";"Otros servicios empresariales"
"Brasil";"2017";"SK";"313,08";"33257,43";"0,94";"Personales, culturales y recreativos"
"Brasil";"2017";"SL";"801,79";"33257,43";"2,41";"Bienes y servicios del gobierno"
"Brasil";"2018";"SA";"4,34";"34044,41";"0,01";"Manufactura sobre insumos de terceros"
"Brasil";"2018";"SB";"1327,89";"34044,41";"3,90";"Mantenimiento y reparación"
"Brasil";"2018";"SC";"4475,25";"34044,41";"13,15";"Transporte"
"Brasil";"2018";"SD";"5920,64";"34044,41";"17,39";"Viajes"
"Brasil";"2018";"SE";"7,30";"34044,41";"0,02";"Construcción"
"Brasil";"2018";"SF";"536,11";"34044,41";"1,57";"Seguros y pensiones"
"Brasil";"2018";"SG";"775,22";"34044,41";"2,28";"Financieros"
"Brasil";"2018";"SH";"825,48";"34044,41";"2,42";"Propiedad intelectual"
"Brasil";"2018";"SI";"2617,48";"34044,41";"7,69";"Telecom., informática e información"
"Brasil";"2018";"SJ";"16412,29";"34044,41";"48,21";"Otros servicios empresariales"
"Brasil";"2018";"SK";"346,41";"34044,41";"1,02";"Personales, culturales y recreativos"
"Brasil";"2018";"SL";"796,00";"34044,41";"2,34";"Bienes y servicios del gobierno"
"Brasil";"2019";"SA";"18,85";"33033,12";"0,06";"Manufactura sobre insumos de terceros"
"Brasil";"2019";"SB";"477,07";"33033,12";"1,44";"Mantenimiento y reparación"
"Brasil";"2019";"SC";"4282,71";"33033,12";"12,96";"Transporte"
"Brasil";"2019";"SD";"5994,59";"33033,12";"18,15";"Viajes"
"Brasil";"2019";"SE";"30,08";"33033,12";"0,09";"Construcción"
"Brasil";"2019";"SF";"969,71";"33033,12";"2,94";"Seguros y pensiones"
"Brasil";"2019";"SG";"1011,47";"33033,12";"3,06";"Financieros"
"Brasil";"2019";"SH";"641,11";"33033,12";"1,94";"Propiedad intelectual"
"Brasil";"2019";"SI";"2573,79";"33033,12";"7,79";"Telecom., informática e información"
"Brasil";"2019";"SJ";"15835,16";"33033,12";"47,94";"Otros servicios empresariales"
"Brasil";"2019";"SK";"518,33";"33033,12";"1,57";"Personales, culturales y recreativos"
"Brasil";"2019";"SL";"680,24";"33033,12";"2,06";"Bienes y servicios del gobierno"
"Brasil";"2020";"SA";"10,50";"27513,93";"0,04";"Manufactura sobre insumos de terceros"
"Brasil";"2020";"SB";"1061,88";"27513,93";"3,86";"Mantenimiento y reparación"
"Brasil";"2020";"SC";"3997,43";"27513,93";"14,53";"Transporte"
"Brasil";"2020";"SD";"3043,95";"27513,93";"11,06";"Viajes"
"Brasil";"2020";"SE";"16,89";"27513,93";"0,06";"Construcción"
"Brasil";"2020";"SF";"581,33";"27513,93";"2,11";"Seguros y pensiones"
"Brasil";"2020";"SG";"829,41";"27513,93";"3,01";"Financieros"
"Brasil";"2020";"SH";"634,29";"27513,93";"2,31";"Propiedad intelectual"
"Brasil";"2020";"SI";"2551,74";"27513,93";"9,27";"Telecom., informática e información"
"Brasil";"2020";"SJ";"13764,50";"27513,93";"50,03";"Otros servicios empresariales"
"Brasil";"2020";"SK";"410,52";"27513,93";"1,49";"Personales, culturales y recreativos"
"Brasil";"2020";"SL";"611,50";"27513,93";"2,22";"Bienes y servicios del gobierno"
"Brasil";"2021";"SA";"2,81";"31481,82";"0,01";"Manufactura sobre insumos de terceros"
"Brasil";"2021";"SB";"772,27";"31481,82";"2,45";"Mantenimiento y reparación"
"Brasil";"2021";"SC";"5237,83";"31481,82";"16,64";"Transporte"
"Brasil";"2021";"SD";"2947,34";"31481,82";"9,36";"Viajes"
"Brasil";"2021";"SE";"18,25";"31481,82";"0,06";"Construcción"
"Brasil";"2021";"SF";"783,70";"31481,82";"2,49";"Seguros y pensiones"
"Brasil";"2021";"SG";"1050,83";"31481,82";"3,34";"Financieros"
"Brasil";"2021";"SH";"705,26";"31481,82";"2,24";"Propiedad intelectual"
"Brasil";"2021";"SI";"3300,53";"31481,82";"10,48";"Telecom., informática e información"
"Brasil";"2021";"SJ";"15324,91";"31481,82";"48,68";"Otros servicios empresariales"
"Brasil";"2021";"SK";"668,95";"31481,82";"2,12";"Personales, culturales y recreativos"
"Brasil";"2021";"SL";"669,15";"31481,82";"2,13";"Bienes y servicios del gobierno"
"Brasil";"2022";"SA";"4,02";"40291,25";"0,01";"Manufactura sobre insumos de terceros"
"Brasil";"2022";"SB";"1347,58";"40291,25";"3,34";"Mantenimiento y reparación"
"Brasil";"2022";"SC";"6466,23";"40291,25";"16,05";"Transporte"
"Brasil";"2022";"SD";"4952,33";"40291,25";"12,29";"Viajes"
"Brasil";"2022";"SE";"27,01";"40291,25";"0,07";"Construcción"
"Brasil";"2022";"SF";"1322,06";"40291,25";"3,28";"Seguros y pensiones"
"Brasil";"2022";"SG";"996,68";"40291,25";"2,47";"Financieros"
"Brasil";"2022";"SH";"745,14";"40291,25";"1,85";"Propiedad intelectual"
"Brasil";"2022";"SI";"4674,37";"40291,25";"11,60";"Telecom., informática e información"
"Brasil";"2022";"SJ";"18177,53";"40291,25";"45,12";"Otros servicios empresariales"
"Brasil";"2022";"SK";"845,92";"40291,25";"2,10";"Personales, culturales y recreativos"
"Brasil";"2022";"SL";"732,38";"40291,25";"1,82";"Bienes y servicios del gobierno"
"Brasil";"2023";"SA";"4,51";"45372,86";"0,01";"Manufactura sobre insumos de terceros"
"Brasil";"2023";"SB";"1015,10";"45372,86";"2,24";"Mantenimiento y reparación"
"Brasil";"2023";"SC";"6760,87";"45372,86";"14,90";"Transporte"
"Brasil";"2023";"SD";"6907,32";"45372,86";"15,22";"Viajes"
"Brasil";"2023";"SE";"13,66";"45372,86";"0,03";"Construcción"
"Brasil";"2023";"SF";"1139,58";"45372,86";"2,51";"Seguros y pensiones"
"Brasil";"2023";"SG";"1075,16";"45372,86";"2,37";"Financieros"
"Brasil";"2023";"SH";"920,94";"45372,86";"2,03";"Propiedad intelectual"
"Brasil";"2023";"SI";"5783,15";"45372,86";"12,75";"Telecom., informática e información"
"Brasil";"2023";"SJ";"19971,54";"45372,86";"44,02";"Otros servicios empresariales"
"Brasil";"2023";"SK";"857,66";"45372,86";"1,89";"Personales, culturales y recreativos"
"Brasil";"2023";"SL";"923,36";"45372,86";"2,04";"Bienes y servicios del gobierno"
"Brasil";"2024";"SA";"10,80";"48476,77";"0,02";"Manufactura sobre insumos de terceros"
"Brasil";"2024";"SB";"1873,00";"48476,77";"3,86";"Mantenimiento y reparación"
"Brasil";"2024";"SC";"7552,09";"48476,77";"15,58";"Transporte"
"Brasil";"2024";"SD";"7341,04";"48476,77";"15,14";"Viajes"
"Brasil";"2024";"SE";"21,50";"48476,77";"0,04";"Construcción"
"Brasil";"2024";"SF";"1113,47";"48476,77";"2,30";"Seguros y pensiones"
"Brasil";"2024";"SG";"1684,89";"48476,77";"3,48";"Financieros"
"Brasil";"2024";"SH";"1092,85";"48476,77";"2,25";"Propiedad intelectual"
"Brasil";"2024";"SI";"6173,50";"48476,77";"12,73";"Telecom., informática e información"
"Brasil";"2024";"SJ";"19887,86";"48476,77";"41,03";"Otros servicios empresariales"
"Brasil";"2024";"SK";"956,70";"48476,77";"1,97";"Personales, culturales y recreativos"
"Brasil";"2024";"SL";"769,09";"48476,77";"1,59";"Bienes y servicios del gobierno"
"Chile";"2005";"SA";"0,00";"6658,50";"0,00";"Manufactura sobre insumos de terceros"
"Chile";"2005";"SB";"0,00";"6658,50";"0,00";"Mantenimiento y reparación"
"Chile";"2005";"SC";"4471,28";"6658,50";"67,15";"Transporte"
"Chile";"2005";"SD";"1041,62";"6658,50";"15,64";"Viajes"
"Chile";"2005";"SE";"0,00";"6658,50";"0,00";"Construcción"
"Chile";"2005";"SF";"157,35";"6658,50";"2,36";"Seguros y pensiones"
"Chile";"2005";"SG";"34,69";"6658,50";"0,52";"Financieros"
"Chile";"2005";"SH";"32,86";"6658,50";"0,49";"Propiedad intelectual"
"Chile";"2005";"SI";"238,47";"6658,50";"3,58";"Telecom., informática e información"
"Chile";"2005";"SJ";"673,16";"6658,50";"10,11";"Otros servicios empresariales"
"Chile";"2005";"SK";"9,08";"6658,50";"0,14";"Personales, culturales y recreativos"
"Chile";"2005";"SL";"0,00";"6658,50";"0,00";"Bienes y servicios del gobierno"
"Chile";"2006";"SA";"0,00";"7366,10";"0,00";"Manufactura sobre insumos de terceros"
"Chile";"2006";"SB";"0,00";"7366,10";"0,00";"Mantenimiento y reparación"
"Chile";"2006";"SC";"4855,77";"7366,10";"65,92";"Transporte"
"Chile";"2006";"SD";"1201,84";"7366,10";"16,32";"Viajes"
"Chile";"2006";"SE";"0,00";"7366,10";"0,00";"Construcción"
"Chile";"2006";"SF";"203,35";"7366,10";"2,76";"Seguros y pensiones"
"Chile";"2006";"SG";"37,53";"7366,10";"0,51";"Financieros"
"Chile";"2006";"SH";"34,15";"7366,10";"0,46";"Propiedad intelectual"
"Chile";"2006";"SI";"227,24";"7366,10";"3,08";"Telecom., informática e información"
"Chile";"2006";"SJ";"792,17";"7366,10";"10,75";"Otros servicios empresariales"
"Chile";"2006";"SK";"14,05";"7366,10";"0,19";"Personales, culturales y recreativos"
"Chile";"2006";"SL";"0,00";"7366,10";"0,00";"Bienes y servicios del gobierno"
"Chile";"2007";"SA";"0,00";"8553,40";"0,00";"Manufactura sobre insumos de terceros"
"Chile";"2007";"SB";"0,00";"8553,40";"0,00";"Mantenimiento y reparación"
"Chile";"2007";"SC";"5437,23";"8553,40";"63,57";"Transporte"
"Chile";"2007";"SD";"1525,25";"8553,40";"17,83";"Viajes"
"Chile";"2007";"SE";"0,00";"8553,40";"0,00";"Construcción"
"Chile";"2007";"SF";"236,26";"8553,40";"2,76";"Seguros y pensiones"
"Chile";"2007";"SG";"58,14";"8553,40";"0,68";"Financieros"
"Chile";"2007";"SH";"31,80";"8553,40";"0,37";"Propiedad intelectual"
"Chile";"2007";"SI";"241,83";"8553,40";"2,83";"Telecom., informática e información"
"Chile";"2007";"SJ";"1004,10";"8553,40";"11,74";"Otros servicios empresariales"
"Chile";"2007";"SK";"18,79";"8553,40";"0,22";"Personales, culturales y recreativos"
"Chile";"2007";"SL";"0,00";"8553,40";"0,00";"Bienes y servicios del gobierno"
"Chile";"2008";"SA";"0,00";"10070,90";"0,00";"Manufactura sobre insumos de terceros"
"Chile";"2008";"SB";"0,00";"10070,90";"0,00";"Mantenimiento y reparación"
"Chile";"2008";"SC";"6719,53";"10070,90";"66,72";"Transporte"
"Chile";"2008";"SD";"1675,07";"10070,90";"16,63";"Viajes"
"Chile";"2008";"SE";"0,00";"10070,90";"0,00";"Construcción"
"Chile";"2008";"SF";"272,33";"10070,90";"2,70";"Seguros y pensiones"
"Chile";"2008";"SG";"58,09";"10070,90";"0,58";"Financieros"
"Chile";"2008";"SH";"42,85";"10070,90";"0,43";"Propiedad intelectual"
"Chile";"2008";"SI";"312,60";"10070,90";"3,10";"Telecom., informática e información"
"Chile";"2008";"SJ";"955,31";"10070,90";"9,49";"Otros servicios empresariales"
"Chile";"2008";"SK";"35,12";"10070,90";"0,35";"Personales, culturales y recreativos"
"Chile";"2008";"SL";"0,00";"10070,90";"0,00";"Bienes y servicios del gobierno"
"Chile";"2009";"SA";"0,00";"8077,10";"0,00";"Manufactura sobre insumos de terceros"
"Chile";"2009";"SB";"0,00";"8077,10";"0,00";"Mantenimiento y reparación"
"Chile";"2009";"SC";"4909,68";"8077,10";"60,79";"Transporte"
"Chile";"2009";"SD";"1701,07";"8077,10";"21,06";"Viajes"
"Chile";"2009";"SE";"0,00";"8077,10";"0,00";"Construcción"
"Chile";"2009";"SF";"240,54";"8077,10";"2,98";"Seguros y pensiones"
"Chile";"2009";"SG";"62,09";"8077,10";"0,77";"Financieros"
"Chile";"2009";"SH";"26,42";"8077,10";"0,33";"Propiedad intelectual"
"Chile";"2009";"SI";"265,40";"8077,10";"3,29";"Telecom., informática e información"
"Chile";"2009";"SJ";"851,00";"8077,10";"10,54";"Otros servicios empresariales"
"Chile";"2009";"SK";"20,90";"8077,10";"0,26";"Personales, culturales y recreativos"
"Chile";"2009";"SL";"0,00";"8077,10";"0,00";"Bienes y servicios del gobierno"
"Chile";"2010";"SA";"0,00";"10199,10";"0,00";"Manufactura sobre insumos de terceros"
"Chile";"2010";"SB";"0,00";"10199,10";"0,00";"Mantenimiento y reparación"
"Chile";"2010";"SC";"6666,04";"10199,10";"65,36";"Transporte"
"Chile";"2010";"SD";"1624,35";"10199,10";"15,93";"Viajes"
"Chile";"2010";"SE";"0,00";"10199,10";"0,00";"Construcción"
"Chile";"2010";"SF";"327,26";"10199,10";"3,21";"Seguros y pensiones"
"Chile";"2010";"SG";"86,84";"10199,10";"0,85";"Financieros"
"Chile";"2010";"SH";"37,23";"10199,10";"0,37";"Propiedad intelectual"
"Chile";"2010";"SI";"295,08";"10199,10";"2,89";"Telecom., informática e información"
"Chile";"2010";"SJ";"1132,58";"10199,10";"11,10";"Otros servicios empresariales"
"Chile";"2010";"SK";"29,70";"10199,10";"0,29";"Personales, culturales y recreativos"
"Chile";"2010";"SL";"0,00";"10199,10";"0,00";"Bienes y servicios del gobierno"
"Chile";"2011";"SA";"0,00";"11980,10";"0,00";"Manufactura sobre insumos de terceros"
"Chile";"2011";"SB";"0,00";"11980,10";"0,00";"Mantenimiento y reparación"
"Chile";"2011";"SC";"7817,38";"11980,10";"65,25";"Transporte"
"Chile";"2011";"SD";"1900,71";"11980,10";"15,87";"Viajes"
"Chile";"2011";"SE";"0,00";"11980,10";"0,00";"Construcción"
"Chile";"2011";"SF";"376,24";"11980,10";"3,14";"Seguros y pensiones"
"Chile";"2011";"SG";"147,07";"11980,10";"1,23";"Financieros"
"Chile";"2011";"SH";"57,03";"11980,10";"0,48";"Propiedad intelectual"
"Chile";"2011";"SI";"350,56";"11980,10";"2,93";"Telecom., informática e información"
"Chile";"2011";"SJ";"1293,65";"11980,10";"10,80";"Otros servicios empresariales"
"Chile";"2011";"SK";"37,44";"11980,10";"0,31";"Personales, culturales y recreativos"
"Chile";"2011";"SL";"0,00";"11980,10";"0,00";"Bienes y servicios del gobierno"
"Chile";"2012";"SA";"0,00";"11302,60";"0,00";"Manufactura sobre insumos de terceros"
"Chile";"2012";"SB";"0,00";"11302,60";"0,00";"Mantenimiento y reparación"
"Chile";"2012";"SC";"6574,85";"11302,60";"58,17";"Transporte"
"Chile";"2012";"SD";"2255,59";"11302,60";"19,96";"Viajes"
"Chile";"2012";"SE";"0,00";"11302,60";"0,00";"Construcción"
"Chile";"2012";"SF";"319,68";"11302,60";"2,83";"Seguros y pensiones"
"Chile";"2012";"SG";"185,59";"11302,60";"1,64";"Financieros"
"Chile";"2012";"SH";"37,51";"11302,60";"0,33";"Propiedad intelectual"
"Chile";"2012";"SI";"410,56";"11302,60";"3,63";"Telecom., informática e información"
"Chile";"2012";"SJ";"1482,55";"11302,60";"13,12";"Otros servicios empresariales"
"Chile";"2012";"SK";"36,27";"11302,60";"0,32";"Personales, culturales y recreativos"
"Chile";"2012";"SL";"0,00";"11302,60";"0,00";"Bienes y servicios del gobierno"
"Chile";"2013";"SA";"0,00";"11086,90";"0,00";"Manufactura sobre insumos de terceros"
"Chile";"2013";"SB";"0,00";"11086,90";"0,00";"Mantenimiento y reparación"
"Chile";"2013";"SC";"6229,54";"11086,90";"56,19";"Transporte"
"Chile";"2013";"SD";"2296,90";"11086,90";"20,72";"Viajes"
"Chile";"2013";"SE";"0,00";"11086,90";"0,00";"Construcción"
"Chile";"2013";"SF";"325,73";"11086,90";"2,94";"Seguros y pensiones"
"Chile";"2013";"SG";"190,03";"11086,90";"1,71";"Financieros"
"Chile";"2013";"SH";"39,95";"11086,90";"0,36";"Propiedad intelectual"
"Chile";"2013";"SI";"367,76";"11086,90";"3,32";"Telecom., informática e información"
"Chile";"2013";"SJ";"1595,38";"11086,90";"14,39";"Otros servicios empresariales"
"Chile";"2013";"SK";"41,62";"11086,90";"0,38";"Personales, culturales y recreativos"
"Chile";"2013";"SL";"0,00";"11086,90";"0,00";"Bienes y servicios del gobierno"
"Chile";"2014";"SA";"0,00";"9744,60";"0,00";"Manufactura sobre insumos de terceros"
"Chile";"2014";"SB";"0,00";"9744,60";"0,00";"Mantenimiento y reparación"
"Chile";"2014";"SC";"4954,25";"9744,60";"50,84";"Transporte"
"Chile";"2014";"SD";"2382,88";"9744,60";"24,45";"Viajes"
"Chile";"2014";"SE";"0,00";"9744,60";"0,00";"Construcción"
"Chile";"2014";"SF";"266,09";"9744,60";"2,73";"Seguros y pensiones"
"Chile";"2014";"SG";"162,65";"9744,60";"1,67";"Financieros"
"Chile";"2014";"SH";"42,67";"9744,60";"0,44";"Propiedad intelectual"
"Chile";"2014";"SI";"358,45";"9744,60";"3,68";"Telecom., informática e información"
"Chile";"2014";"SJ";"1538,38";"9744,60";"15,79";"Otros servicios empresariales"
"Chile";"2014";"SK";"39,22";"9744,60";"0,40";"Personales, culturales y recreativos"
"Chile";"2014";"SL";"0,00";"9744,60";"0,00";"Bienes y servicios del gobierno"
"Chile";"2015";"SA";"0,00";"8557,40";"0,00";"Manufactura sobre insumos de terceros"
"Chile";"2015";"SB";"0,00";"8557,40";"0,00";"Mantenimiento y reparación"
"Chile";"2015";"SC";"3396,17";"8557,40";"39,69";"Transporte"
"Chile";"2015";"SD";"2613,53";"8557,40";"30,54";"Viajes"
"Chile";"2015";"SE";"0,00";"8557,40";"0,00";"Construcción"
"Chile";"2015";"SF";"303,82";"8557,40";"3,55";"Seguros y pensiones"
"Chile";"2015";"SG";"193,41";"8557,40";"2,26";"Financieros"
"Chile";"2015";"SH";"43,96";"8557,40";"0,51";"Propiedad intelectual"
"Chile";"2015";"SI";"331,66";"8557,40";"3,88";"Telecom., informática e información"
"Chile";"2015";"SJ";"1639,58";"8557,40";"19,16";"Otros servicios empresariales"
"Chile";"2015";"SK";"35,27";"8557,40";"0,41";"Personales, culturales y recreativos"
"Chile";"2015";"SL";"0,00";"8557,40";"0,00";"Bienes y servicios del gobierno"
"Chile";"2016";"SA";"0,00";"8600,30";"0,00";"Manufactura sobre insumos de terceros"
"Chile";"2016";"SB";"0,00";"8600,30";"0,00";"Mantenimiento y reparación"
"Chile";"2016";"SC";"3224,86";"8600,30";"37,50";"Transporte"
"Chile";"2016";"SD";"2822,31";"8600,30";"32,82";"Viajes"
"Chile";"2016";"SE";"0,00";"8600,30";"0,00";"Construcción"
"Chile";"2016";"SF";"329,66";"8600,30";"3,83";"Seguros y pensiones"
"Chile";"2016";"SG";"199,12";"8600,30";"2,32";"Financieros"
"Chile";"2016";"SH";"40,39";"8600,30";"0,47";"Propiedad intelectual"
"Chile";"2016";"SI";"362,27";"8600,30";"4,21";"Telecom., informática e información"
"Chile";"2016";"SJ";"1582,35";"8600,30";"18,40";"Otros servicios empresariales"
"Chile";"2016";"SK";"39,34";"8600,30";"0,46";"Personales, culturales y recreativos"
"Chile";"2016";"SL";"0,00";"8600,30";"0,00";"Bienes y servicios del gobierno"
"Chile";"2017";"SA";"0,00";"9193,60";"0,00";"Manufactura sobre insumos de terceros"
"Chile";"2017";"SB";"0,00";"9193,60";"0,00";"Mantenimiento y reparación"
"Chile";"2017";"SC";"3478,09";"9193,60";"37,83";"Transporte"
"Chile";"2017";"SD";"3303,89";"9193,60";"35,94";"Viajes"
"Chile";"2017";"SE";"0,00";"9193,60";"0,00";"Construcción"
"Chile";"2017";"SF";"320,20";"9193,60";"3,48";"Seguros y pensiones"
"Chile";"2017";"SG";"232,68";"9193,60";"2,53";"Financieros"
"Chile";"2017";"SH";"52,93";"9193,60";"0,58";"Propiedad intelectual"
"Chile";"2017";"SI";"363,17";"9193,60";"3,95";"Telecom., informática e información"
"Chile";"2017";"SJ";"1400,92";"9193,60";"15,24";"Otros servicios empresariales"
"Chile";"2017";"SK";"41,72";"9193,60";"0,45";"Personales, culturales y recreativos"
"Chile";"2017";"SL";"0,00";"9193,60";"0,00";"Bienes y servicios del gobierno"
"Chile";"2018";"SA";"0,00";"9225,70";"0,00";"Manufactura sobre insumos de terceros"
"Chile";"2018";"SB";"0,00";"9225,70";"0,00";"Mantenimiento y reparación"
"Chile";"2018";"SC";"3570,41";"9225,70";"38,70";"Transporte"
"Chile";"2018";"SD";"3030,28";"9225,70";"32,85";"Viajes"
"Chile";"2018";"SE";"0,00";"9225,70";"0,00";"Construcción"
"Chile";"2018";"SF";"310,71";"9225,70";"3,37";"Seguros y pensiones"
"Chile";"2018";"SG";"232,87";"9225,70";"2,52";"Financieros"
"Chile";"2018";"SH";"48,33";"9225,70";"0,52";"Propiedad intelectual"
"Chile";"2018";"SI";"392,20";"9225,70";"4,25";"Telecom., informática e información"
"Chile";"2018";"SJ";"1596,22";"9225,70";"17,30";"Otros servicios empresariales"
"Chile";"2018";"SK";"44,67";"9225,70";"0,48";"Personales, culturales y recreativos"
"Chile";"2018";"SL";"0,00";"9225,70";"0,00";"Bienes y servicios del gobierno"
"Chile";"2019";"SA";"0,00";"8462,40";"0,00";"Manufactura sobre insumos de terceros"
"Chile";"2019";"SB";"0,00";"8462,40";"0,00";"Mantenimiento y reparación"
"Chile";"2019";"SC";"3446,89";"8462,40";"40,73";"Transporte"
"Chile";"2019";"SD";"2396,34";"8462,40";"28,32";"Viajes"
"Chile";"2019";"SE";"0,00";"8462,40";"0,00";"Construcción"
"Chile";"2019";"SF";"330,23";"8462,40";"3,90";"Seguros y pensiones"
"Chile";"2019";"SG";"234,07";"8462,40";"2,77";"Financieros"
"Chile";"2019";"SH";"46,94";"8462,40";"0,55";"Propiedad intelectual"
"Chile";"2019";"SI";"398,51";"8462,40";"4,71";"Telecom., informática e información"
"Chile";"2019";"SJ";"1557,91";"8462,40";"18,41";"Otros servicios empresariales"
"Chile";"2019";"SK";"51,52";"8462,40";"0,61";"Personales, culturales y recreativos"
"Chile";"2019";"SL";"0,00";"8462,40";"0,00";"Bienes y servicios del gobierno"
"Chile";"2020";"SA";"0,00";"5554,50";"0,00";"Manufactura sobre insumos de terceros"
"Chile";"2020";"SB";"0,00";"5554,50";"0,00";"Mantenimiento y reparación"
"Chile";"2020";"SC";"2673,70";"5554,50";"48,14";"Transporte"
"Chile";"2020";"SD";"434,97";"5554,50";"7,83";"Viajes"
"Chile";"2020";"SE";"0,00";"5554,50";"0,00";"Construcción"
"Chile";"2020";"SF";"374,16";"5554,50";"6,74";"Seguros y pensiones"
"Chile";"2020";"SG";"256,64";"5554,50";"4,62";"Financieros"
"Chile";"2020";"SH";"41,74";"5554,50";"0,75";"Propiedad intelectual"
"Chile";"2020";"SI";"400,19";"5554,50";"7,20";"Telecom., informática e información"
"Chile";"2020";"SJ";"1330,53";"5554,50";"23,95";"Otros servicios empresariales"
"Chile";"2020";"SK";"42,58";"5554,50";"0,77";"Personales, culturales y recreativos"
"Chile";"2020";"SL";"0,00";"5554,50";"0,00";"Bienes y servicios del gobierno"
"Chile";"2021";"SA";"0,00";"5972,90";"0,00";"Manufactura sobre insumos de terceros"
"Chile";"2021";"SB";"0,00";"5972,90";"0,00";"Mantenimiento y reparación"
"Chile";"2021";"SC";"3181,41";"5972,90";"53,26";"Transporte"
"Chile";"2021";"SD";"118,69";"5972,90";"1,99";"Viajes"
"Chile";"2021";"SE";"0,00";"5972,90";"0,00";"Construcción"
"Chile";"2021";"SF";"422,30";"5972,90";"7,07";"Seguros y pensiones"
"Chile";"2021";"SG";"267,55";"5972,90";"4,48";"Financieros"
"Chile";"2021";"SH";"70,65";"5972,90";"1,18";"Propiedad intelectual"
"Chile";"2021";"SI";"519,65";"5972,90";"8,70";"Telecom., informática e información"
"Chile";"2021";"SJ";"1338,08";"5972,90";"22,40";"Otros servicios empresariales"
"Chile";"2021";"SK";"54,56";"5972,90";"0,91";"Personales, culturales y recreativos"
"Chile";"2021";"SL";"0,00";"5972,90";"0,00";"Bienes y servicios del gobierno"
"Chile";"2022";"SA";"0,00";"8529,40";"0,00";"Manufactura sobre insumos de terceros"
"Chile";"2022";"SB";"0,00";"8529,40";"0,00";"Mantenimiento y reparación"
"Chile";"2022";"SC";"4202,89";"8529,40";"49,28";"Transporte"
"Chile";"2022";"SD";"1068,73";"8529,40";"12,53";"Viajes"
"Chile";"2022";"SE";"0,00";"8529,40";"0,00";"Construcción"
"Chile";"2022";"SF";"406,57";"8529,40";"4,77";"Seguros y pensiones"
"Chile";"2022";"SG";"319,39";"8529,40";"3,74";"Financieros"
"Chile";"2022";"SH";"68,28";"8529,40";"0,80";"Propiedad intelectual"
"Chile";"2022";"SI";"529,88";"8529,40";"6,21";"Telecom., informática e información"
"Chile";"2022";"SJ";"1865,48";"8529,40";"21,87";"Otros servicios empresariales"
"Chile";"2022";"SK";"68,18";"8529,40";"0,80";"Personales, culturales y recreativos"
"Chile";"2022";"SL";"0,00";"8529,40";"0,00";"Bienes y servicios del gobierno"
"Chile";"2023";"SA";"0,00";"10136,09";"0,00";"Manufactura sobre insumos de terceros"
"Chile";"2023";"SB";"0,00";"10136,09";"0,00";"Mantenimiento y reparación"
"Chile";"2023";"SC";"4055,28";"10136,09";"40,01";"Transporte"
"Chile";"2023";"SD";"2335,92";"10136,09";"23,05";"Viajes"
"Chile";"2023";"SE";"0,00";"10136,09";"0,00";"Construcción"
"Chile";"2023";"SF";"440,76";"10136,09";"4,35";"Seguros y pensiones"
"Chile";"2023";"SG";"346,25";"10136,09";"3,42";"Financieros"
"Chile";"2023";"SH";"74,03";"10136,09";"0,73";"Propiedad intelectual"
"Chile";"2023";"SI";"618,46";"10136,09";"6,10";"Telecom., informática e información"
"Chile";"2023";"SJ";"2191,48";"10136,09";"21,62";"Otros servicios empresariales"
"Chile";"2023";"SK";"73,91";"10136,09";"0,73";"Personales, culturales y recreativos"
"Chile";"2023";"SL";"0,00";"10136,09";"0,00";"Bienes y servicios del gobierno"
"Chile";"2024";"SA";"0,00";"11743,83";"0,00";"Manufactura sobre insumos de terceros"
"Chile";"2024";"SB";"0,00";"11743,83";"0,00";"Mantenimiento y reparación"
"Chile";"2024";"SC";"4237,25";"11743,83";"36,08";"Transporte"
"Chile";"2024";"SD";"3100,30";"11743,83";"26,40";"Viajes"
"Chile";"2024";"SE";"0,00";"11743,83";"0,00";"Construcción"
"Chile";"2024";"SF";"439,38";"11743,83";"3,74";"Seguros y pensiones"
"Chile";"2024";"SG";"345,16";"11743,83";"2,94";"Financieros"
"Chile";"2024";"SH";"73,79";"11743,83";"0,63";"Propiedad intelectual"
"Chile";"2024";"SI";"692,91";"11743,83";"5,90";"Telecom., informática e información"
"Chile";"2024";"SJ";"2781,36";"11743,83";"23,68";"Otros servicios empresariales"
"Chile";"2024";"SK";"73,68";"11743,83";"0,63";"Personales, culturales y recreativos"
"Chile";"2024";"SL";"0,00";"11743,83";"0,00";"Bienes y servicios del gobierno"
"Uruguay";"2005";"SA";"0,00";"1311,28";"0,00";"Manufactura sobre insumos de terceros"
"Uruguay";"2005";"SB";"0,00";"1311,28";"0,00";"Mantenimiento y reparación"
"Uruguay";"2005";"SC";"468,49";"1311,28";"35,73";"Transporte"
"Uruguay";"2005";"SD";"594,43";"1311,28";"45,33";"Viajes"
"Uruguay";"2005";"SE";"0,00";"1311,28";"0,00";"Construcción"
"Uruguay";"2005";"SF";"4,25";"1311,28";"0,32";"Seguros y pensiones"
"Uruguay";"2005";"SG";"65,67";"1311,28";"5,01";"Financieros"
"Uruguay";"2005";"SH";"0,07";"1311,28";"0,01";"Propiedad intelectual"
"Uruguay";"2005";"SI";"100,42";"1311,28";"7,66";"Telecom., informática e información"
"Uruguay";"2005";"SJ";"51,50";"1311,28";"3,93";"Otros servicios empresariales"
"Uruguay";"2005";"SK";"0,37";"1311,28";"0,03";"Personales, culturales y recreativos"
"Uruguay";"2005";"SL";"26,08";"1311,28";"1,99";"Bienes y servicios del gobierno"
"Uruguay";"2006";"SA";"0,00";"1387,43";"0,00";"Manufactura sobre insumos de terceros"
"Uruguay";"2006";"SB";"0,00";"1387,43";"0,00";"Mantenimiento y reparación"
"Uruguay";"2006";"SC";"482,95";"1387,43";"34,81";"Transporte"
"Uruguay";"2006";"SD";"597,76";"1387,43";"43,08";"Viajes"
"Uruguay";"2006";"SE";"0,00";"1387,43";"0,00";"Construcción"
"Uruguay";"2006";"SF";"3,60";"1387,43";"0,26";"Seguros y pensiones"
"Uruguay";"2006";"SG";"55,96";"1387,43";"4,03";"Financieros"
"Uruguay";"2006";"SH";"0,00";"1387,43";"0,00";"Propiedad intelectual"
"Uruguay";"2006";"SI";"141,52";"1387,43";"10,20";"Telecom., informática e información"
"Uruguay";"2006";"SJ";"76,74";"1387,43";"5,53";"Otros servicios empresariales"
"Uruguay";"2006";"SK";"2,24";"1387,43";"0,16";"Personales, culturales y recreativos"
"Uruguay";"2006";"SL";"26,65";"1387,43";"1,92";"Bienes y servicios del gobierno"
"Uruguay";"2007";"SA";"0,00";"1833,45";"0,00";"Manufactura sobre insumos de terceros"
"Uruguay";"2007";"SB";"0,00";"1833,45";"0,00";"Mantenimiento y reparación"
"Uruguay";"2007";"SC";"564,39";"1833,45";"30,78";"Transporte"
"Uruguay";"2007";"SD";"808,89";"1833,45";"44,12";"Viajes"
"Uruguay";"2007";"SE";"0,00";"1833,45";"0,00";"Construcción"
"Uruguay";"2007";"SF";"3,96";"1833,45";"0,22";"Seguros y pensiones"
"Uruguay";"2007";"SG";"70,91";"1833,45";"3,87";"Financieros"
"Uruguay";"2007";"SH";"0,03";"1833,45";"0,00";"Propiedad intelectual"
"Uruguay";"2007";"SI";"172,33";"1833,45";"9,40";"Telecom., informática e información"
"Uruguay";"2007";"SJ";"183,16";"1833,45";"9,99";"Otros servicios empresariales"
"Uruguay";"2007";"SK";"0,20";"1833,45";"0,01";"Personales, culturales y recreativos"
"Uruguay";"2007";"SL";"29,57";"1833,45";"1,61";"Bienes y servicios del gobierno"
"Uruguay";"2008";"SA";"0,00";"2276,74";"0,00";"Manufactura sobre insumos de terceros"
"Uruguay";"2008";"SB";"0,00";"2276,74";"0,00";"Mantenimiento y reparación"
"Uruguay";"2008";"SC";"674,47";"2276,74";"29,62";"Transporte"
"Uruguay";"2008";"SD";"1051,36";"2276,74";"46,18";"Viajes"
"Uruguay";"2008";"SE";"0,00";"2276,74";"0,00";"Construcción"
"Uruguay";"2008";"SF";"2,89";"2276,74";"0,13";"Seguros y pensiones"
"Uruguay";"2008";"SG";"82,99";"2276,74";"3,65";"Financieros"
"Uruguay";"2008";"SH";"0,10";"2276,74";"0,00";"Propiedad intelectual"
"Uruguay";"2008";"SI";"204,73";"2276,74";"8,99";"Telecom., informática e información"
"Uruguay";"2008";"SJ";"223,89";"2276,74";"9,83";"Otros servicios empresariales"
"Uruguay";"2008";"SK";"0,38";"2276,74";"0,02";"Personales, culturales y recreativos"
"Uruguay";"2008";"SL";"35,94";"2276,74";"1,58";"Bienes y servicios del gobierno"
"Uruguay";"2009";"SA";"0,00";"2319,66";"0,00";"Manufactura sobre insumos de terceros"
"Uruguay";"2009";"SB";"0,00";"2319,66";"0,00";"Mantenimiento y reparación"
"Uruguay";"2009";"SC";"446,24";"2319,66";"19,24";"Transporte"
"Uruguay";"2009";"SD";"1320,60";"2319,66";"56,93";"Viajes"
"Uruguay";"2009";"SE";"0,00";"2319,66";"0,00";"Construcción"
"Uruguay";"2009";"SF";"8,52";"2319,66";"0,37";"Seguros y pensiones"
"Uruguay";"2009";"SG";"89,15";"2319,66";"3,84";"Financieros"
"Uruguay";"2009";"SH";"0,15";"2319,66";"0,01";"Propiedad intelectual"
"Uruguay";"2009";"SI";"176,39";"2319,66";"7,60";"Telecom., informática e información"
"Uruguay";"2009";"SJ";"241,31";"2319,66";"10,40";"Otros servicios empresariales"
"Uruguay";"2009";"SK";"0,68";"2319,66";"0,03";"Personales, culturales y recreativos"
"Uruguay";"2009";"SL";"36,62";"2319,66";"1,58";"Bienes y servicios del gobierno"
"Uruguay";"2010";"SA";"0,00";"2688,16";"0,00";"Manufactura sobre insumos de terceros"
"Uruguay";"2010";"SB";"0,00";"2688,16";"0,00";"Mantenimiento y reparación"
"Uruguay";"2010";"SC";"500,16";"2688,16";"18,61";"Transporte"
"Uruguay";"2010";"SD";"1508,88";"2688,16";"56,13";"Viajes"
"Uruguay";"2010";"SE";"0,00";"2688,16";"0,00";"Construcción"
"Uruguay";"2010";"SF";"6,91";"2688,16";"0,26";"Seguros y pensiones"
"Uruguay";"2010";"SG";"121,29";"2688,16";"4,51";"Financieros"
"Uruguay";"2010";"SH";"0,20";"2688,16";"0,01";"Propiedad intelectual"
"Uruguay";"2010";"SI";"207,54";"2688,16";"7,72";"Telecom., informática e información"
"Uruguay";"2010";"SJ";"307,18";"2688,16";"11,43";"Otros servicios empresariales"
"Uruguay";"2010";"SK";"1,51";"2688,16";"0,06";"Personales, culturales y recreativos"
"Uruguay";"2010";"SL";"34,49";"2688,16";"1,28";"Bienes y servicios del gobierno"
"Uruguay";"2011";"SA";"0,00";"3641,91";"0,00";"Manufactura sobre insumos de terceros"
"Uruguay";"2011";"SB";"0,00";"3641,91";"0,00";"Mantenimiento y reparación"
"Uruguay";"2011";"SC";"653,49";"3641,91";"17,94";"Transporte"
"Uruguay";"2011";"SD";"2202,96";"3641,91";"60,49";"Viajes"
"Uruguay";"2011";"SE";"0,00";"3641,91";"0,00";"Construcción"
"Uruguay";"2011";"SF";"8,99";"3641,91";"0,25";"Seguros y pensiones"
"Uruguay";"2011";"SG";"138,31";"3641,91";"3,80";"Financieros"
"Uruguay";"2011";"SH";"0,43";"3641,91";"0,01";"Propiedad intelectual"
"Uruguay";"2011";"SI";"212,38";"3641,91";"5,83";"Telecom., informática e información"
"Uruguay";"2011";"SJ";"388,68";"3641,91";"10,67";"Otros servicios empresariales"
"Uruguay";"2011";"SK";"1,93";"3641,91";"0,05";"Personales, culturales y recreativos"
"Uruguay";"2011";"SL";"34,75";"3641,91";"0,95";"Bienes y servicios del gobierno"
"Uruguay";"2012";"SA";"0,00";"5224,12";"0,00";"Manufactura sobre insumos de terceros"
"Uruguay";"2012";"SB";"18,16";"5224,12";"0,35";"Mantenimiento y reparación"
"Uruguay";"2012";"SC";"534,77";"5224,12";"10,24";"Transporte"
"Uruguay";"2012";"SD";"2522,90";"5224,12";"48,29";"Viajes"
"Uruguay";"2012";"SE";"0,00";"5224,12";"0,00";"Construcción"
"Uruguay";"2012";"SF";"20,97";"5224,12";"0,40";"Seguros y pensiones"
"Uruguay";"2012";"SG";"290,95";"5224,12";"5,57";"Financieros"
"Uruguay";"2012";"SH";"47,81";"5224,12";"0,92";"Propiedad intelectual"
"Uruguay";"2012";"SI";"259,84";"5224,12";"4,97";"Telecom., informática e información"
"Uruguay";"2012";"SJ";"1346,52";"5224,12";"25,78";"Otros servicios empresariales"
"Uruguay";"2012";"SK";"99,01";"5224,12";"1,90";"Personales, culturales y recreativos"
"Uruguay";"2012";"SL";"83,19";"5224,12";"1,59";"Bienes y servicios del gobierno"
"Uruguay";"2013";"SA";"0,00";"5118,97";"0,00";"Manufactura sobre insumos de terceros"
"Uruguay";"2013";"SB";"7,67";"5118,97";"0,15";"Mantenimiento y reparación"
"Uruguay";"2013";"SC";"534,90";"5118,97";"10,45";"Transporte"
"Uruguay";"2013";"SD";"2387,63";"5118,97";"46,64";"Viajes"
"Uruguay";"2013";"SE";"0,00";"5118,97";"0,00";"Construcción"
"Uruguay";"2013";"SF";"24,28";"5118,97";"0,47";"Seguros y pensiones"
"Uruguay";"2013";"SG";"333,93";"5118,97";"6,52";"Financieros"
"Uruguay";"2013";"SH";"40,90";"5118,97";"0,80";"Propiedad intelectual"
"Uruguay";"2013";"SI";"275,98";"5118,97";"5,39";"Telecom., informática e información"
"Uruguay";"2013";"SJ";"1325,41";"5118,97";"25,89";"Otros servicios empresariales"
"Uruguay";"2013";"SK";"98,55";"5118,97";"1,93";"Personales, culturales y recreativos"
"Uruguay";"2013";"SL";"89,71";"5118,97";"1,75";"Bienes y servicios del gobierno"
"Uruguay";"2014";"SA";"0,00";"4965,05";"0,00";"Manufactura sobre insumos de terceros"
"Uruguay";"2014";"SB";"29,51";"4965,05";"0,59";"Mantenimiento y reparación"
"Uruguay";"2014";"SC";"565,68";"4965,05";"11,39";"Transporte"
"Uruguay";"2014";"SD";"2228,87";"4965,05";"44,89";"Viajes"
"Uruguay";"2014";"SE";"0,00";"4965,05";"0,00";"Construcción"
"Uruguay";"2014";"SF";"27,72";"4965,05";"0,56";"Seguros y pensiones"
"Uruguay";"2014";"SG";"325,24";"4965,05";"6,55";"Financieros"
"Uruguay";"2014";"SH";"57,24";"4965,05";"1,15";"Propiedad intelectual"
"Uruguay";"2014";"SI";"325,11";"4965,05";"6,55";"Telecom., informática e información"
"Uruguay";"2014";"SJ";"1242,27";"4965,05";"25,02";"Otros servicios empresariales"
"Uruguay";"2014";"SK";"94,82";"4965,05";"1,91";"Personales, culturales y recreativos"
"Uruguay";"2014";"SL";"68,60";"4965,05";"1,38";"Bienes y servicios del gobierno"
"Uruguay";"2015";"SA";"0,00";"5193,80";"0,00";"Manufactura sobre insumos de terceros"
"Uruguay";"2015";"SB";"27,98";"5193,80";"0,54";"Mantenimiento y reparación"
"Uruguay";"2015";"SC";"599,60";"5193,80";"11,54";"Transporte"
"Uruguay";"2015";"SD";"2249,01";"5193,80";"43,30";"Viajes"
"Uruguay";"2015";"SE";"0,00";"5193,80";"0,00";"Construcción"
"Uruguay";"2015";"SF";"26,80";"5193,80";"0,52";"Seguros y pensiones"
"Uruguay";"2015";"SG";"326,90";"5193,80";"6,29";"Financieros"
"Uruguay";"2015";"SH";"37,57";"5193,80";"0,72";"Propiedad intelectual"
"Uruguay";"2015";"SI";"439,12";"5193,80";"8,45";"Telecom., informática e información"
"Uruguay";"2015";"SJ";"1327,58";"5193,80";"25,56";"Otros servicios empresariales"
"Uruguay";"2015";"SK";"81,62";"5193,80";"1,57";"Personales, culturales y recreativos"
"Uruguay";"2015";"SL";"77,61";"5193,80";"1,49";"Bienes y servicios del gobierno"
"Uruguay";"2016";"SA";"0,00";"4900,84";"0,00";"Manufactura sobre insumos de terceros"
"Uruguay";"2016";"SB";"33,58";"4900,84";"0,69";"Mantenimiento y reparación"
"Uruguay";"2016";"SC";"543,59";"4900,84";"11,09";"Transporte"
"Uruguay";"2016";"SD";"2285,32";"4900,84";"46,63";"Viajes"
"Uruguay";"2016";"SE";"0,00";"4900,84";"0,00";"Construcción"
"Uruguay";"2016";"SF";"22,71";"4900,84";"0,46";"Seguros y pensiones"
"Uruguay";"2016";"SG";"345,09";"4900,84";"7,04";"Financieros"
"Uruguay";"2016";"SH";"37,32";"4900,84";"0,76";"Propiedad intelectual"
"Uruguay";"2016";"SI";"422,15";"4900,84";"8,61";"Telecom., informática e información"
"Uruguay";"2016";"SJ";"1073,71";"4900,84";"21,91";"Otros servicios empresariales"
"Uruguay";"2016";"SK";"68,40";"4900,84";"1,40";"Personales, culturales y recreativos"
"Uruguay";"2016";"SL";"68,97";"4900,84";"1,41";"Bienes y servicios del gobierno"
"Uruguay";"2017";"SA";"0,00";"5723,30";"0,00";"Manufactura sobre insumos de terceros"
"Uruguay";"2017";"SB";"32,77";"5723,30";"0,57";"Mantenimiento y reparación"
"Uruguay";"2017";"SC";"516,79";"5723,30";"9,03";"Transporte"
"Uruguay";"2017";"SD";"2823,23";"5723,30";"49,33";"Viajes"
"Uruguay";"2017";"SE";"0,00";"5723,30";"0,00";"Construcción"
"Uruguay";"2017";"SF";"24,32";"5723,30";"0,42";"Seguros y pensiones"
"Uruguay";"2017";"SG";"311,60";"5723,30";"5,44";"Financieros"
"Uruguay";"2017";"SH";"39,68";"5723,30";"0,69";"Propiedad intelectual"
"Uruguay";"2017";"SI";"804,85";"5723,30";"14,06";"Telecom., informática e información"
"Uruguay";"2017";"SJ";"1048,15";"5723,30";"18,31";"Otros servicios empresariales"
"Uruguay";"2017";"SK";"64,60";"5723,30";"1,13";"Personales, culturales y recreativos"
"Uruguay";"2017";"SL";"57,31";"5723,30";"1,00";"Bienes y servicios del gobierno"
"Uruguay";"2018";"SA";"0,00";"5472,63";"0,00";"Manufactura sobre insumos de terceros"
"Uruguay";"2018";"SB";"35,21";"5472,63";"0,64";"Mantenimiento y reparación"
"Uruguay";"2018";"SC";"573,13";"5472,63";"10,47";"Transporte"
"Uruguay";"2018";"SD";"2621,30";"5472,63";"47,90";"Viajes"
"Uruguay";"2018";"SE";"0,00";"5472,63";"0,00";"Construcción"
"Uruguay";"2018";"SF";"24,48";"5472,63";"0,45";"Seguros y pensiones"
"Uruguay";"2018";"SG";"294,40";"5472,63";"5,38";"Financieros"
"Uruguay";"2018";"SH";"55,10";"5472,63";"1,01";"Propiedad intelectual"
"Uruguay";"2018";"SI";"879,23";"5472,63";"16,07";"Telecom., informática e información"
"Uruguay";"2018";"SJ";"865,70";"5472,63";"15,82";"Otros servicios empresariales"
"Uruguay";"2018";"SK";"64,13";"5472,63";"1,17";"Personales, culturales y recreativos"
"Uruguay";"2018";"SL";"59,95";"5472,63";"1,10";"Bienes y servicios del gobierno"
"Uruguay";"2019";"SA";"0,00";"5523,82";"0,00";"Manufactura sobre insumos de terceros"
"Uruguay";"2019";"SB";"33,47";"5523,82";"0,61";"Mantenimiento y reparación"
"Uruguay";"2019";"SC";"579,58";"5523,82";"10,49";"Transporte"
"Uruguay";"2019";"SD";"2249,81";"5523,82";"40,73";"Viajes"
"Uruguay";"2019";"SE";"41,44";"5523,82";"0,75";"Construcción"
"Uruguay";"2019";"SF";"23,14";"5523,82";"0,42";"Seguros y pensiones"
"Uruguay";"2019";"SG";"290,66";"5523,82";"5,26";"Financieros"
"Uruguay";"2019";"SH";"34,36";"5523,82";"0,62";"Propiedad intelectual"
"Uruguay";"2019";"SI";"1050,21";"5523,82";"19,01";"Telecom., informática e información"
"Uruguay";"2019";"SJ";"1098,77";"5523,82";"19,89";"Otros servicios empresariales"
"Uruguay";"2019";"SK";"68,42";"5523,82";"1,24";"Personales, culturales y recreativos"
"Uruguay";"2019";"SL";"53,95";"5523,82";"0,98";"Bienes y servicios del gobierno"
"Uruguay";"2020";"SA";"0,00";"3914,92";"0,00";"Manufactura sobre insumos de terceros"
"Uruguay";"2020";"SB";"47,45";"3914,92";"1,21";"Mantenimiento y reparación"
"Uruguay";"2020";"SC";"388,90";"3914,92";"9,93";"Transporte"
"Uruguay";"2020";"SD";"1128,15";"3914,92";"28,82";"Viajes"
"Uruguay";"2020";"SE";"0,00";"3914,92";"0,00";"Construcción"
"Uruguay";"2020";"SF";"22,20";"3914,92";"0,57";"Seguros y pensiones"
"Uruguay";"2020";"SG";"277,26";"3914,92";"7,08";"Financieros"
"Uruguay";"2020";"SH";"26,24";"3914,92";"0,67";"Propiedad intelectual"
"Uruguay";"2020";"SI";"1025,06";"3914,92";"26,18";"Telecom., informática e información"
"Uruguay";"2020";"SJ";"906,35";"3914,92";"23,15";"Otros servicios empresariales"
"Uruguay";"2020";"SK";"34,55";"3914,92";"0,88";"Personales, culturales y recreativos"
"Uruguay";"2020";"SL";"58,76";"3914,92";"1,50";"Bienes y servicios del gobierno"
"Uruguay";"2021";"SA";"0,00";"4050,08";"0,00";"Manufactura sobre insumos de terceros"
"Uruguay";"2021";"SB";"47,71";"4050,08";"1,18";"Mantenimiento y reparación"
"Uruguay";"2021";"SC";"511,25";"4050,08";"12,62";"Transporte"
"Uruguay";"2021";"SD";"573,29";"4050,08";"14,16";"Viajes"
"Uruguay";"2021";"SE";"0,00";"4050,08";"0,00";"Construcción"
"Uruguay";"2021";"SF";"21,81";"4050,08";"0,54";"Seguros y pensiones"
"Uruguay";"2021";"SG";"308,23";"4050,08";"7,61";"Financieros"
"Uruguay";"2021";"SH";"45,05";"4050,08";"1,11";"Propiedad intelectual"
"Uruguay";"2021";"SI";"980,33";"4050,08";"24,21";"Telecom., informática e información"
"Uruguay";"2021";"SJ";"1444,26";"4050,08";"35,66";"Otros servicios empresariales"
"Uruguay";"2021";"SK";"54,36";"4050,08";"1,34";"Personales, culturales y recreativos"
"Uruguay";"2021";"SL";"63,78";"4050,08";"1,57";"Bienes y servicios del gobierno"
"Uruguay";"2022";"SA";"0,00";"5909,13";"0,00";"Manufactura sobre insumos de terceros"
"Uruguay";"2022";"SB";"36,54";"5909,13";"0,62";"Mantenimiento y reparación"
"Uruguay";"2022";"SC";"667,84";"5909,13";"11,30";"Transporte"
"Uruguay";"2022";"SD";"1650,32";"5909,13";"27,93";"Viajes"
"Uruguay";"2022";"SE";"0,00";"5909,13";"0,00";"Construcción"
"Uruguay";"2022";"SF";"19,09";"5909,13";"0,32";"Seguros y pensiones"
"Uruguay";"2022";"SG";"252,76";"5909,13";"4,28";"Financieros"
"Uruguay";"2022";"SH";"76,05";"5909,13";"1,29";"Propiedad intelectual"
"Uruguay";"2022";"SI";"1274,64";"5909,13";"21,57";"Telecom., informática e información"
"Uruguay";"2022";"SJ";"1827,92";"5909,13";"30,93";"Otros servicios empresariales"
"Uruguay";"2022";"SK";"45,47";"5909,13";"0,77";"Personales, culturales y recreativos"
"Uruguay";"2022";"SL";"58,51";"5909,13";"0,99";"Bienes y servicios del gobierno"
"Uruguay";"2023";"SA";"0,00";"6881,67";"0,00";"Manufactura sobre insumos de terceros"
"Uruguay";"2023";"SB";"26,95";"6881,67";"0,39";"Mantenimiento y reparación"
"Uruguay";"2023";"SC";"709,52";"6881,67";"10,31";"Transporte"
"Uruguay";"2023";"SD";"2250,40";"6881,67";"32,70";"Viajes"
"Uruguay";"2023";"SE";"0,00";"6881,67";"0,00";"Construcción"
"Uruguay";"2023";"SF";"53,20";"6881,67";"0,77";"Seguros y pensiones"
"Uruguay";"2023";"SG";"329,09";"6881,67";"4,78";"Financieros"
"Uruguay";"2023";"SH";"113,14";"6881,67";"1,64";"Propiedad intelectual"
"Uruguay";"2023";"SI";"1354,09";"6881,67";"19,68";"Telecom., informática e información"
"Uruguay";"2023";"SJ";"1902,84";"6881,67";"27,65";"Otros servicios empresariales"
"Uruguay";"2023";"SK";"83,34";"6881,67";"1,21";"Personales, culturales y recreativos"
"Uruguay";"2023";"SL";"59,11";"6881,67";"0,86";"Bienes y servicios del gobierno"
"Uruguay";"2024";"SA";"0,00";"6948,32";"0,00";"Manufactura sobre insumos de terceros"
"Uruguay";"2024";"SB";"25,52";"6948,32";"0,37";"Mantenimiento y reparación"
"Uruguay";"2024";"SC";"783,78";"6948,32";"11,28";"Transporte"
"Uruguay";"2024";"SD";"2189,46";"6948,32";"31,51";"Viajes"
"Uruguay";"2024";"SE";"0,00";"6948,32";"0,00";"Construcción"
"Uruguay";"2024";"SF";"53,71";"6948,32";"0,77";"Seguros y pensiones"
"Uruguay";"2024";"SG";"346,53";"6948,32";"4,99";"Financieros"
"Uruguay";"2024";"SH";"114,63";"6948,32";"1,65";"Propiedad intelectual"
"Uruguay";"2024";"SI";"1354,04";"6948,32";"19,49";"Telecom., informática e información"
"Uruguay";"2024";"SJ";"1922,73";"6948,32";"27,67";"Otros servicios empresariales"
"Uruguay";"2024";"SK";"98,82";"6948,32";"1,42";"Personales, culturales y recreativos"
"Uruguay";"2024";"SL";"59,11";"6948,32";"0,85";"Bienes y servicios del gobierno"
