"Pais";"Year";"valor_final";"valor_balanceado";"diferencia_pct";"indice_2005_final";"indice_2005_balanceado";"tasa_var_final";"tasa_var_balanceado"
"Argentina";"2005";"6458,06";"5870,21";"-9,10";"100,00";"100,00";NA;NA
"Argentina";"2006";"7911,02";"7068,18";"-10,65";"122,50";"120,41";"22,50";"20,41"
"Argentina";"2007";"10045,74";"8720,63";"-13,19";"155,55";"148,56";"26,98";"23,38"
"Argentina";"2008";"11424,15";"10274,21";"-10,07";"176,90";"175,02";"13,72";"17,81"
"Argentina";"2009";"10544,62";"9365,89";"-11,18";"163,28";"159,55";"-7,70";"-8,84"
"Argentina";"2010";"12817,14";"10442,20";"-18,53";"198,47";"177,88";"21,55";"11,49"
"Argentina";"2011";"14496,98";"11836,91";"-18,35";"224,48";"201,64";"13,11";"13,36"
"Argentina";"2012";"14247,10";"12050,55";"-15,42";"220,61";"205,28";"-1,72";"1,80"
"Argentina";"2013";"13679,89";"11729,55";"-14,26";"211,83";"199,81";"-3,98";"-2,66"
"Argentina";"2014";"13396,37";"11363,85";"-15,17";"207,44";"193,59";"-2,07";"-3,12"
"Argentina";"2015";"13213,51";"11703,03";"-11,43";"204,60";"199,36";"-1,36";"2,98"
"Argentina";"2016";"13424,71";"11970,17";"-10,83";"207,88";"203,91";"1,60";"2,28"
"Argentina";"2017";"15506,20";"13379,43";"-13,72";"240,11";"227,92";"15,50";"11,77"
"Argentina";"2018";"15342,16";"13337,10";"-13,07";"237,57";"227,20";"-1,06";"-0,32"
"Argentina";"2019";"14802,42";"13117,14";"-11,39";"229,21";"223,45";"-3,52";"-1,65"
"Argentina";"2020";"9491,74";"8942,91";"-5,78";"146,98";"152,34";"-35,88";"-31,82"
"Argentina";"2021";"9588,74";"9322,95";"-2,77";"148,48";"158,82";"1,02";"4,25"
"Argentina";"2022";"14413,68";"13111,66";"-9,03";"223,19";"223,36";"50,32";"40,64"
"Argentina";"2023";"16110,57";"14653,64";"-9,04";"249,46";"249,63";"11,77";"11,76"
"Argentina";"2024";"17122,41";"15314,45";"-10,56";"265,13";"260,88";"6,28";"4,51"
"Brasil";"2005";"14762,69";"14428,68";"-2,26";"100,00";"100,00";NA;NA
"Brasil";"2006";"17730,53";"17988,78";"1,46";"120,10";"124,67";"20,10";"24,67"
"Brasil";"2007";"21824,00";"21680,69";"-0,66";"147,83";"150,26";"23,09";"20,52"
"Brasil";"2008";"27985,43";"28060,43";"0,27";"189,57";"194,48";"28,23";"29,43"
"Brasil";"2009";"25195,31";"25651,73";"1,81";"170,67";"177,78";"-9,97";"-8,58"
"Brasil";"2010";"30060,85";"28934,23";"-3,75";"203,63";"200,53";"19,31";"12,80"
"Brasil";"2011";"36436,72";"34711,17";"-4,74";"246,82";"240,57";"21,21";"19,97"
"Brasil";"2012";"38195,68";"35974,82";"-5,81";"258,73";"249,33";"4,83";"3,64"
"Brasil";"2013";"37630,64";"35841,16";"-4,76";"254,90";"248,40";"-1,48";"-0,37"
"Brasil";"2014";"39497,93";"38693,74";"-2,04";"267,55";"268,17";"4,96";"7,96"
"Brasil";"2015";"33674,74";"35517,64";"5,47";"228,11";"246,16";"-14,74";"-8,21"
"Brasil";"2016";"33053,80";"34446,03";"4,21";"223,90";"238,73";"-1,84";"-3,02"
"Brasil";"2017";"33257,43";"34891,67";"4,91";"225,28";"241,82";"0,62";"1,29"
"Brasil";"2018";"34044,41";"35403,90";"3,99";"230,61";"245,37";"2,37";"1,47"
"Brasil";"2019";"33033,12";"34261,57";"3,72";"223,76";"237,45";"-2,97";"-3,23"
"Brasil";"2020";"27513,93";"26552,43";"-3,49";"186,37";"184,03";"-16,71";"-22,50"
"Brasil";"2021";"31481,82";"30563,20";"-2,92";"213,25";"211,82";"14,42";"15,11"
"Brasil";"2022";"40291,25";"39186,00";"-2,74";"272,93";"271,58";"27,98";"28,21"
"Brasil";"2023";"45372,86";"43204,80";"-4,78";"307,35";"299,44";"12,61";"10,26"
"Brasil";"2024";"48476,77";"45797,89";"-5,53";"328,37";"317,41";"6,84";"6,00"
"Chile";"2005";"6658,50";"6280,02";"-5,68";"100,00";"100,00";NA;NA
"Chile";"2006";"7366,10";"7293,84";"-0,98";"110,63";"116,14";"10,63";"16,14"
"Chile";"2007";"8553,40";"8602,34";"0,57";"128,46";"136,98";"16,12";"17,94"
"Chile";"2008";"10070,90";"10155,32";"0,84";"151,25";"161,71";"17,74";"18,05"
"Chile";"2009";"8077,10";"8739,39";"8,20";"121,31";"139,16";"-19,80";"-13,94"
"Chile";"2010";"10199,10";"10262,26";"0,62";"153,17";"163,41";"26,27";"17,43"
"Chile";"2011";"11980,10";"11718,98";"-2,18";"179,92";"186,61";"17,46";"14,19"
"Chile";"2012";"11302,60";"11793,34";"4,34";"169,75";"187,79";"-5,66";"0,63"
"Chile";"2013";"11086,90";"11647,68";"5,06";"166,51";"185,47";"-1,91";"-1,24"
"Chile";"2014";"9744,60";"11579,46";"18,83";"146,35";"184,39";"-12,11";"-0,59"
"Chile";"2015";"8557,40";"11019,70";"28,77";"128,52";"175,47";"-12,18";"-4,83"
"Chile";"2016";"8600,30";"11349,21";"31,96";"129,16";"180,72";"0,50";"2,99"
"Chile";"2017";"9193,60";"12633,60";"37,42";"138,07";"201,17";"6,90";"11,32"
"Chile";"2018";"9225,70";"12726,26";"37,94";"138,56";"202,65";"0,35";"0,73"
"Chile";"2019";"8462,40";"12453,44";"47,16";"127,09";"198,30";"-8,27";"-2,14"
"Chile";"2020";"5554,50";"8183,90";"47,34";"83,42";"130,32";"-34,36";"-34,28"
"Chile";"2021";"5972,90";"9396,73";"57,32";"89,70";"149,63";"7,53";"14,82"
"Chile";"2022";"8529,40";"12761,29";"49,62";"128,10";"203,20";"42,80";"35,81"
"Chile";"2023";"10136,09";"15627,35";"54,18";"152,23";"248,84";"18,84";"22,46"
"Chile";"2024";"11743,83";"17587,36";"49,76";"176,37";"280,05";"15,86";"12,54"
"Uruguay";"2005";"1311,28";"1722,20";"31,34";"100,00";"100,00";NA;NA
"Uruguay";"2006";"1387,43";"2002,94";"44,36";"105,81";"116,30";"5,81";"16,30"
"Uruguay";"2007";"1833,45";"2473,55";"34,91";"139,82";"143,63";"32,15";"23,50"
"Uruguay";"2008";"2276,74";"3030,90";"33,12";"173,63";"175,99";"24,18";"22,53"
"Uruguay";"2009";"2319,66";"2952,66";"27,29";"176,90";"171,45";"1,88";"-2,58"
"Uruguay";"2010";"2688,16";"3445,69";"28,18";"205,00";"200,08";"15,89";"16,70"
"Uruguay";"2011";"3641,91";"4223,79";"15,98";"277,74";"245,26";"35,48";"22,58"
"Uruguay";"2012";"5224,12";"4910,63";"-6,00";"398,40";"285,14";"43,44";"16,26"
"Uruguay";"2013";"5118,97";"4812,87";"-5,98";"390,38";"279,46";"-2,01";"-1,99"
"Uruguay";"2014";"4965,05";"4796,75";"-3,39";"378,64";"278,53";"-3,01";"-0,33"
"Uruguay";"2015";"5193,80";"4828,35";"-7,04";"396,09";"280,36";"4,61";"0,66"
"Uruguay";"2016";"4900,84";"4569,13";"-6,77";"373,74";"265,31";"-5,64";"-5,37"
"Uruguay";"2017";"5723,30";"5014,92";"-12,38";"436,47";"291,19";"16,78";"9,76"
"Uruguay";"2018";"5472,63";"5032,67";"-8,04";"417,35";"292,22";"-4,38";"0,35"
"Uruguay";"2019";"5523,82";"4689,73";"-15,10";"421,25";"272,31";"0,94";"-6,81"
"Uruguay";"2020";"3914,92";"3672,80";"-6,18";"298,56";"213,26";"-29,13";"-21,68"
"Uruguay";"2021";"4050,08";"3739,56";"-7,67";"308,86";"217,14";"3,45";"1,82"
"Uruguay";"2022";"5909,13";"5660,86";"-4,20";"450,64";"328,70";"45,90";"51,38"
"Uruguay";"2023";"6881,67";"6424,31";"-6,65";"524,80";"373,03";"16,46";"13,49"
"Uruguay";"2024";"6948,32";"6557,33";"-5,63";"529,89";"380,75";"0,97";"2,07"
